title,score,comments,created_utc,selftext,url,author,upvote_ratio,flair,num_awards,subreddit
Biden Allows Ukraine to Strike Russia With Long-Range U.S. Missiles,68139,5035,2024-11-17 18:06:21,,https://www.nytimes.com/2024/11/17/us/politics/biden-ukraine-russia-atacms-missiles.html?smid=nytcore-ios-share&amp;referringSource=articleShare,SportsGod3,0.91,Behind Soft Paywall,0,worldnews
"Russia says Donald Trump's election win ""useful for us""",62254,7657,2024-11-06 10:21:04,,https://www.newsweek.com/russia-medvedev-trump-useful-1981117,NaiE007,0.73,Russia/Ukraine,0,worldnews
Zelenskyy: No world leader has the right to negotiate with Putin on behalf of Ukraine,59704,2018,2024-12-18 11:16:26,,https://www.pravda.com.ua/eng/news/2024/12/18/7489634/,Silly-avocatoe,0.92,Russia/Ukraine,0,worldnews
"Server found in apartment funded by Russian government used AI to interfere with 2024 US elections | Department of Treasury December 31, 2024",56913,2331,2025-01-01 05:44:27,,https://home.treasury.gov/news/press-releases/jy2766,StatisticalPikachu,0.91,Russia/Iran sanctioned,0,worldnews
Russian Oligarch Found Dead in Moscow after Falling Out of Window,54858,4259,2024-10-21 11:14:13,,https://www.newsweek.com/russia-mysterious-death-oil-yukos-oligarch-rogachev-window-cancer-suicide-1972000,blllrrrrr,0.94,Russia/Ukraine,0,worldnews
A bomb kills the head of Russia’s nuclear defense forces and his assistant in Moscow,49748,1342,2024-12-17 08:19:00,,https://apnews.com/article/russia-explosion-head-of-nuclear-defense-forces-killed-9656bce946a9f552454df9debe5fbd18,Hefty-Relationship-8,0.95,Russia/Ukraine,0,worldnews
Spain to Enshrine Gay Marriage and Abortion Rights Into its Constitution so ‘They Cannot be Undone in the Future’,49110,910,2024-12-06 16:31:36,,https://www.theolivepress.es/spain-news/2024/12/06/spain-to-enshrine-gay-marriage-and-abortion-rights-into-its-constitution-so-they-cannot-be-undone-in-the-future/,Extreme_Hate2023,0.9,,0,worldnews
"Zelenskyy suggests he's prepared to end Ukraine war in return for NATO membership, even if Russia doesn't immediately return seized land",47889,3386,2024-11-29 19:21:35,,https://news.sky.com/story/zelenskyy-suggests-hes-prepared-to-end-ukraine-war-in-return-for-nato-membership-even-if-russia-doesnt-immediately-return-seized-land-13263085,KeyLog256,0.93,Russia/Ukraine,0,worldnews
"Bomb threats across multiple states traced to Russian email domains, FBI says",45683,735,2024-11-05 22:15:01,,https://kyivindependent.com/bomb-threats-across-multiple-states-traced-to-russian-email-domains-fbi-says/,Becauseyouarethebest,0.91,Russia/Ukraine,0,worldnews
President Yoon Suk Yeol impeached,45062,1102,2024-12-14 08:01:58,,https://koreajoongangdaily.joins.com/news/2024-12-14/national/politics/President-Yoon-Suk-Yeol-impeached/2200691,ProfessionalOwn5490,0.96,South Korea,0,worldnews
"‘They’re girls, not wives’: Colombia votes to outlaw child marriage",44696,519,2024-11-15 02:48:20,,https://www.cnn.com/2024/11/14/americas/colombia-child-marriage-law-intl-latam/index.html?utm_medium=social&amp;utm_source=reddit,cnn,0.97,,0,worldnews
Elon Musk’s Secret Conversations With Vladimir Putin,43934,2204,2024-10-25 04:01:34,,https://www.rawstory.com/amp/elon-musk-2669477305-2669477305,Turbulent_Art5743,0.86,Russia/Ukraine,0,worldnews
Over 100 women commit mass suicide in Sudan's Al Jazirah,43824,2261,2024-10-31 05:58:55,,https://www.albawaba.com/node/over-100-women-commit-mass-suicide-1591038,Youdi990,0.94,,0,worldnews
Mexico suggests it would impose its own tariffs to retaliate against any Trump tariffs,43758,4654,2024-11-26 16:23:54,,https://apnews.com/article/mexico-tariffs-trump-retaliate-sheinbaum-fac0b0c6ee8c425a928418de7332b74a,le_fromagee,0.91,,0,worldnews
Zelenskyy: We Gave Away Our Nuclear Weapons and Got Full-Scale War and Death in Return,43356,1897,2024-10-22 22:47:44,,https://united24media.com/latest-news/zelenskyy-we-gave-away-our-nuclear-weapons-and-got-full-scale-war-and-death-in-return-3203,Naderium,0.92,Russia/Ukraine,0,worldnews
"After Syria, world must realise that Russia can be defeated – Polish PM",42560,1483,2024-12-09 10:45:10,,https://www.pravda.com.ua/eng/news/2024/12/8/7488259/,HydrolicKrane,0.92,Russia/Ukraine,0,worldnews
Russia-linked cable-cutting tanker seized by Finland ‘was loaded with spying equipment’,42246,1287,2024-12-27 17:38:31,,https://www.lloydslist.com/LL1151955/Russia-linked-cable-cutting-tanker-seized-by-Finland-was-loaded-with-spying-equipment,sn0r,0.96,Russia/Ukraine,0,worldnews
Sudan: Hundreds of Women Died by Suicide to Avoid Rape,41863,2048,2024-10-30 12:49:37,,https://newscentral.africa/sudan-hundreds-of-women-died-by-suicide-to-avoid-rape-hala-kirbi/amp/,Wrld-Competitive,0.94,,0,worldnews
Biden warned Iran that US would consider assassination attempt against Trump as declaration of war,41071,4103,2024-10-12 18:31:03,,https://www.1lurer.am/en/2024/10/12/Biden-warned-Iran-that-US-would-consider-assassination-attempt-against-Trump-as-declaration-of-war/1203125,kfireven,0.73,,0,worldnews
Putin Asked Elon Musk Not to Deploy Starlink in Taiwan,39865,1547,2024-10-25 15:37:56,,https://www.pcmag.com/news/putin-reportedly-asked-elon-musk-not-to-deploy-starlink-in-taiwan,OkayButFoRealz,0.91,Russia/Ukraine,0,worldnews
"Biden surges arms to Ukraine, fearing Trump will halt U.S. aid",39752,2167,2024-12-02 12:51:29,,https://www.washingtonpost.com/national-security/2024/12/02/biden-trump-ukraine-russia/,superanth,0.91,Behind Soft Paywall,0,worldnews
Putin's youngest daughter 'living in Paris under a pseudonym',39720,2523,2024-11-28 20:42:22,,https://www.telegraph.co.uk/world-news/2024/11/28/putin-youngest-daughter-paris-pseudonym-luiza-rozova/,TheTelegraph,0.92,Russia/Ukraine,0,worldnews
Preliminary investigation confirms Russian missile caused Azerbaijan Airlines crash,39355,1584,2024-12-26 13:06:46,,https://www.euronews.com/2024/12/26/exclusive-preliminary-investigation-confirms-russian-missile-over-grozny-caused-aktau-cras,DomesticErrorist22,0.96,Russia/Ukraine,0,worldnews
Biden administration moves to forgive $4.7 billion of loans to Ukraine,38950,3525,2024-11-21 01:19:45,,https://www.reuters.com/world/biden-administrations-moves-forgive-47-billion-loans-ukraine-2024-11-20/,piponwa,0.86,Russia/Ukraine,0,worldnews
"The Guardian, one of the main news outlets in UK, will no longer post on Elon Musk’s X",38390,1891,2024-11-13 12:35:35,,https://www.theguardian.com/media/2024/nov/13/the-guardian-no-longer-post-on-x-twitter-elon-musk,biwook,0.89,,0,worldnews
Biden administration to allow American military contractors to deploy to Ukraine for first time since Russia’s invasion | CNN Politics,38120,2575,2024-11-08 18:53:06,,https://edition.cnn.com/2024/11/08/politics/biden-administration-american-military-contractors-deploy-ukraine/index.html,piponwa,0.93,Russia/Ukraine,0,worldnews
"Zelenskyy: Ukraine will not cede territory, regardless of US election results",38042,1473,2024-10-31 21:25:31,,https://www.pravda.com.ua/eng/news/2024/10/31/7482361/,Silly-avocatoe,0.93,Russia/Ukraine,0,worldnews
Syrian government appears to have fallen in stunning end to 50-year rule of Assad family,37541,2005,2024-12-08 04:17:13,,https://apnews.com/article/syria-assad-sweida-daraa-homs-hts-qatar-7f65823bbf0a7bd331109e8dff419430,Strongbow85,0.97,,0,worldnews
Russian Ruble Collapses As Putin's Economy in Trouble,37514,2917,2024-11-27 14:41:36,,https://www.newsweek.com/russia-ruble-dollar-currency-economy-1992332,blllrrrrr,0.92,Russia/Ukraine,0,worldnews
"Power goes out on entire island of Cuba, leaving 10 million people without electricity",37272,3122,2024-10-19 00:42:42,,https://www.nbcnews.com/news/latino/power-goes-entire-island-cuba-leaving-10-million-people-dark-rcna176169,Eedat,0.95,,0,worldnews
"Russia Lost 10,000 Troops in a Single Week: Kyiv",36906,2251,2024-10-28 13:14:07,,https://www.newsweek.com/russia-casualties-ukraine-fighting-1975746,Wrld-Competitive,0.91,Russia/Ukraine,0,worldnews
King Charles 'won't stand in way' if Australia chooses to axe monarchy and become republic,36852,2088,2024-10-12 09:54:57,,https://www.lbc.co.uk/news/king-charles-wont-stand-in-way-australia-republic/,kwentongskyblue,0.94,,0,worldnews
Zelenskyy on permission to strike Russia: The missiles will speak for themselves,36693,2000,2024-11-18 01:55:10,,https://www.pravda.com.ua/eng/news/2024/11/17/7484979/,eaglemaxie,0.92,Russia/Ukraine,0,worldnews
Assassinated Hamas Leader Had UN Employee ID on Body at Time of Death,36372,2757,2024-10-17 22:57:40,,https://www.latintimes.com/assassinated-hamas-leader-had-un-employee-id-body-time-death-562569,ewzetf,0.75,Israel/Palestine,0,worldnews
"‘Black Day for Russia’ – Ukraine Crushes Moscow Offensive in Kursk, Destroying Battalion and Over 200 Soldiers",35998,1066,2024-11-14 02:17:13,,https://www.kyivpost.com/post/42116,strimholov,0.92,Russia/Ukraine,0,worldnews
Zelenskyy says ‘suicidal’ to offer Putin concessions on Ukraine,35784,1917,2024-11-07 17:26:00,,https://www.courthousenews.com?page_id=1023996,BobbyLucero,0.93,Russia/Ukraine,0,worldnews
Zelenskyy says Ukraine will be forced to fight against North Korea as he calls on allies to increase pressure on Russia  ,35423,1345,2024-10-27 21:44:33,,https://www.businessinsider.com/zelenskyy-says-ukraine-will-be-forced-fight-against-north-korea-2024-10,BobbyLucero,0.92,Behind Soft Paywall,0,worldnews
Russia is likely behind poisoning of former Ukrainian President Yushchenko back in 2004 – US intelligence,35312,804,2024-11-23 13:22:50,,https://www.pravda.com.ua/eng/news/2024/11/23/7485985/,Silly-avocatoe,0.94,Russia/Ukraine,0,worldnews
Trudeau opposes allowing Russia to keep ‘an inch’ of Ukrainian territory,34961,1829,2024-11-25 21:54:55,,https://www.theglobeandmail.com/politics/article-trudeau-opposes-russia-annexing-ukraine-territory/,ubcstaffer123,0.93,Behind Soft Paywall,0,worldnews
Zelensky says he needs Nato guarantees before entering peace talks with 'killer' Putin,34171,1667,2024-12-01 18:20:41,,https://www.telegraph.co.uk/world-news/2024/12/01/ukraine-zelensky-demands-nato-guarantees-peace-talks-putin/,TheTelegraph,0.93,Russia/Ukraine,0,worldnews
Biden plans to use billions in seized Russian assets to fund Ukraine aid,34156,781,2024-10-23 23:09:15,,https://www.courthousenews.com?page_id=1018936,BobbyLucero,0.94,Russia/Ukraine,0,worldnews
Germany’s SPD Calls for Antitrust Act to Clip Elon Musk’s Power,33738,898,2024-12-22 19:45:39,,https://www.bloomberg.com/news/articles/2024-12-22/germany-s-spd-calls-for-antitrust-act-to-clip-elon-musk-s-power,bloomberg,0.93,Behind Soft Paywall,0,worldnews
"North Korean troops open fire on Russian unit, Ukraine's military intelligence claims",33314,1079,2024-12-15 14:27:04,,https://kyivindependent.com/north-korean-troops-open-fire-on-russian-unit-ukraines-military-intelligence-claims/,AdSpecialist6598,0.94,Russia/Ukraine,0,worldnews
"China hacked phones of Donald Trump's family, says FBI",33234,1058,2024-10-30 03:06:48,,https://www.telegraph.co.uk/us/politics/2024/10/29/china-hacked-phones-donald-trump-family-says-fbi/,DoremusJessup,0.93,,0,worldnews
Report: Russia plotted to start fires on planes bound for Canada and the U.S.,33112,1319,2024-11-04 19:42:52,,https://www.shorelinebeacon.com/news/canada/report-russia-plotted-to-start-fires-on-planes-bound-for-canada-and-the-u-s,TheDarthSnarf,0.93,Russia/Ukraine,0,worldnews
Russian air missile accident emerges as probable cause of Azerbaijan Airlines crash tragedy,31990,1613,2024-12-25 19:34:24,,https://www.euronews.com/2024/12/25/azerbaijani-passenger-plane-crashes-near-kazakh-city-of-aktau,Seek_Adventure,0.94,Russia/Ukraine,0,worldnews
Sweden's Social Democrats want to activate NATO's Article 4 after the cable sabotage in the Baltic Sea ,31609,915,2024-12-28 18:55:30,,https://swedenherald.com/article/hultqvist-on-the-baltic-sea-activate-natos-article-4,TemperateStone,0.96,,0,worldnews
Japan to give Ukraine US$3 billion from proceeds of frozen Russian assets,31420,350,2024-12-26 01:44:37,,https://www.pravda.com.ua/eng/news/2024/12/25/7490715/,eaglemaxie,0.97,Russia/Ukraine,0,worldnews
Taliban bars Afghan women from hearing each other's voices,31336,2569,2024-10-29 20:42:32,,https://nationalpost.com/news/world/taliban-bars-afghan-women-from-hearing-each-other?utm_source=reddit&amp;utm_medium=organic&amp;utm_campaign=NP_social,nationalpost,0.93,,0,worldnews
North Korean troops deserting Ukraine frontline days after arrival,31059,1127,2024-10-16 12:16:59,,https://www.newsweek.com/north-korean-troops-deserting-ukraine-frontline-hours-after-arrival-report-1969726,superanth,0.95,Russia/Ukraine,0,worldnews
"North Korean troops so 'poorly trained' that Putin army yet to throw them into battle, say western officials",30875,1997,2024-12-05 20:46:42,,https://www.standard.co.uk/news/politics/north-korean-troops-russia-ukraine-vladimir-putin-war-b1198384.html,Yveliad,0.92,Russia/Ukraine,0,worldnews
"Anyone Who Supports Terrorist Organisations Should Be Deported, Swedish Migration Minister Says",30632,2810,2024-11-02 01:39:48,,https://schengen.news/anyone-who-supports-terrorist-organisations-should-be-deported-swedish-migration-minister-says/,Silly-avocatoe,0.91,,0,worldnews
Elon Musk joined Trump call with Ukraine’s Zelensky after US election,30446,5073,2024-11-08 19:51:59,,https://www.cnn.com/2024/11/08/europe/ukraine-trump-elon-musk-zelensky-intl-latam?cid=ios_app,[deleted],0.88,Russia/Ukraine,0,worldnews
Russian military plane worth $4.5m explodes at airfield near Moscow: Kyiv,29867,839,2024-12-20 13:13:16,,https://www.newsweek.com/russian-military-plane-explodes-airfield-moscow-kyiv-2004075,indig0sixalpha,0.94,Russia/Ukraine,0,worldnews
BBC News - US Treasury says it was hacked by China,29885,1827,2024-12-30 22:14:19,,https://www.bbc.com/news/articles/c3weye2j0e7o,-DEUS-FAX-MACHINA-,0.95,,0,worldnews
"Russia says Ukraine attacked it using U.S. long-range missiles, signals it's ready for nuclear response",29830,5185,2024-11-19 16:43:06,,https://www.cnbc.com/2024/11/19/russia-says-ukraine-attacked-it-using-us-made-missiles.html,Chicamaw,0.9,Russia/Ukraine,0,worldnews
"Russia Tests Cutting Off Access to Global Web, and VPNs Can't Get Around It",29774,2170,2024-12-11 10:59:00,,https://www.pcmag.com/news/russia-tests-cutting-off-access-to-global-web-and-vpns-cant-get-around,Street_Anon,0.95,Russia/Ukraine,0,worldnews
Berlin police advise LGBTQ and Jews to avoid Arab-majority areas,29753,4186,2024-11-19 04:44:21,,https://www.ynetnews.com/article/h1atr7kgke,Red_Franklin,0.81,,0,worldnews
Berlin accuses Elon Musk of seeking to influence Germany's election,29552,1256,2024-12-30 13:42:11,,https://www.axios.com/2024/12/30/germany-election-elon-musk-afd-endorsement,Unusual-State1827,0.94,,0,worldnews
Forbes: Elon Musk Pushes For Britain’s King Charles To Dissolve Parliament—As Lawmakers Say Tesla CEO Is ‘Misinformed’,30132,2896,2025-01-05 06:36:19,,https://www.forbes.com/sites/tylerroush/2025/01/04/elon-musk-pushes-for-britains-king-charles-to-dissolve-parliament-as-lawmakers-say-tesla-ceo-is-misinformed/,BothZookeepergame612,0.91,,0,worldnews
Elon Musk pens German newspaper opinion piece supporting far-right AfD party. Billionaire Trump adviser said his ‘significant investments’ in the country justified his wading into German politics,29377,2033,2024-12-28 16:55:22,,https://www.theguardian.com/world/2024/dec/28/elon-musk-germany-afd-party,indig0sixalpha,0.92,,0,worldnews
Putin slashes soldiers' payouts as Russia's losses in Ukraine skyrocket,28973,1468,2024-11-14 15:50:00,,https://www.newsweek.com/russia-ukraine-war-troops-losses-1985722,NaiE007,0.94,Russia/Ukraine,0,worldnews
"Biden approves antipersonnel mines for Ukraine, undoing his own policy ",28806,1670,2024-11-20 00:43:54,,https://www.washingtonpost.com/national-security/2024/11/19/biden-landmines-ukraine-russia/?utm_campaign=wp_main&amp;utm_medium=social&amp;utm_source=reddit.com,washingtonpost,0.93,Behind Soft Paywall,0,worldnews
Russians ‘burning faces’ of dead North Koreans to keep them secret: Zelenskyy,28737,1268,2024-12-17 17:54:06,,https://www.rfa.org/english/korea/2024/12/17/north-korean-soldier-video-russia-12172024/,giuliomagnifico,0.91,Russia/Ukraine,0,worldnews
Egypt declared malaria-free after 100-year effort,28485,331,2024-10-20 20:39:37,,https://www.bbc.com/news/articles/cm2yl8pjgn2o,giuliomagnifico,0.97,,0,worldnews
Ballet star Vladimir Shklyarov who criticised Putin’s Ukraine invasion dies in fall from building in St. Petersburg,28215,1178,2024-11-18 13:37:14,,https://www.lbc.co.uk/news/vladimir-shklyarov-death-st-petersburg-ballet-star-fall/,blllrrrrr,0.95,Russia/Ukraine,0,worldnews
‘Shoot All the Locals’ – Russian Officer Orders Civilian Executions in Luhansk Region,28200,940,2025-01-01 16:13:43,,https://www.kyivpost.com/post/44762,Yveliad,0.94,Russia/Ukraine,0,worldnews
Putin's generals are turning on each other,28176,788,2024-11-01 17:14:51,,https://www.newsweek.com/russia-putin-general-arrest-1977233,TylerFortier_Photo,0.86,,0,worldnews
Lukashenko warns of war if Russia attempts to annex Belarus,27450,1751,2024-10-25 10:26:54,,https://newsukraine.rbc.ua/news/lukashenko-warns-of-war-if-russia-attempts-1729846029.html,BringbackDreamBars,0.94,,0,worldnews
French government toppled in historic no-confidence vote,27419,2012,2024-12-04 19:31:46,,https://www.lemonde.fr/en/france/article/2024/12/04/french-government-toppled-in-historic-no-confidence-vote_6735189_7.html,Lanathell,0.96,,0,worldnews
Kyiv reveals total Ukraine casualties in Putin’s war for first time,27220,2463,2024-12-08 14:41:55,,https://www.politico.eu/article/ukraine-volodymyr-zelenskyy-announces-its-total-military-casualties-first-time/,eaglemaxie,0.92,Russia/Ukraine,0,worldnews
Zelenskiy blasts allies for 'zero' response to North Korean deployment,27009,1854,2024-10-31 19:32:55,,https://www.reuters.com/world/europe/ukraines-zelenskiy-blasts-allies-zero-response-nkorean-deployment-2024-10-31/,VictorEmmanuelIV,0.92,North Korea,0,worldnews
"Javier Milei ends budget deficit in Argentina, first time in 123 years",26950,3826,2024-12-13 09:45:16,,https://gazettengr.com/javier-milei-ends-budget-deficit-in-argentina-first-time-in-123-years/,BlitzOrion,0.81,,0,worldnews
"Russia’s use of unidentified gas surges on the front line, Ukraine lacks detectors",26790,1258,2024-11-04 00:47:41,,https://kyivindependent.com/russias-use-of-unidentified-gas-surges-on-the-front-line-ukraine-lacks-detectors/,BothZookeepergame612,0.95,Russia/Ukraine,0,worldnews
Russia Arrests Top General as Military Purge Ramps Up,26673,808,2024-11-05 10:46:40,,https://www.newsweek.com/russia-arrests-general-military-purge-putin-war-mirza-mirzaev-1979651,blllrrrrr,0.95,Russia/Ukraine,0,worldnews
Iranian student strips in protest against assault by hijab enforcers.,26574,1280,2024-11-02 17:09:57,,https://www.iranintl.com/en/202411025012,DibaWho,0.94,,0,worldnews
"‘If Ukraine fails, war will come to the streets of European cities,’ former foreign minister says",26048,1387,2024-12-13 19:12:51,,https://www.cnbc.com/amp/2024/12/13/if-ukraine-fails-against-russia-war-will-come-to-europe-dmytro-kuleba.html,EndocardialCushion,0.9,Russia/Ukraine,0,worldnews
Jordan Peterson says he is considering legal action after Trudeau accused him of taking Russian money,25913,2713,2024-10-19 10:14:36,,https://nationalpost.com/news/canada/jordan-peterson-legal-action-trudeau-accused-russian-money,Street_Anon,0.89,Russia/Ukraine,0,worldnews
"Russia terrorizes Ukraine with mass missile, drone attack on Christmas morning",25909,1613,2024-12-25 05:56:18,,https://kyivindependent.com/russia-terrorizes-ukraine-with-mass-missile-drone-attack-on-christmas-morning/,Snowfish52,0.93,Russia/Ukraine,0,worldnews
Italian president tells Musk to quit meddling in Italy's politics,25774,900,2024-11-13 22:32:06,,https://www.reuters.com/world/italian-president-tells-musk-quit-meddling-italys-domestic-politics-2024-11-13/,cmaia1503,0.93,,0,worldnews
Russian Su-34 supersonic fighter-bomber shot down by F-16: reports,25759,1626,2024-10-12 14:37:42,,https://www.newsweek.com/russia-ukraine-sukhoi-f-16-1968041,HydrolicKrane,0.94,Russia/Ukraine,0,worldnews
"Russia has launched 'staggeringly reckless campaign of sabotage' in Europe, says MI6 chief",25426,1286,2024-11-30 07:55:22,,https://www.telegraph.co.uk/news/2024/11/29/putin-russia-reckless-campaign-sabotage-europe-mi6-chief/,TheTelegraph,0.95,Russia/Ukraine,0,worldnews
Elon Musk backs German far-right party that supports Putin – Reuters,25239,1442,2024-12-20 16:16:03,,https://www.pravda.com.ua/eng/news/2024/12/20/7490025/,Yveliad,0.93,Russia/Ukraine,0,worldnews
Ukraine's military says Russia launched intercontinental ballistic missile in the morning,25193,3520,2024-11-21 08:01:30,,https://www.deccanherald.com/world/ukraines-military-says-russia-launched-intercontinental-ballistic-missile-in-the-morning-3285594,diegolo22,0.94,Russia/Ukraine,0,worldnews
Zelensky hails ‘excellent’ first call with Trump as proposals to end war in Ukraine emerge,25156,4473,2024-11-07 09:26:10,,https://novayagazeta.eu/articles/2024/11/07/zelensky-hails-excellent-first-call-with-trump-as-proposals-to-end-war-in-ukraine-emerge-en-news,shellfishb,0.91,Russia/Ukraine,0,worldnews
"Trump pledges 25% tariffs on Canada and Mexico, deeper tariffs on China",25056,4788,2024-11-26 00:33:07,,https://www.reuters.com/world/us/trump-promises-25-tariff-products-mexico-canada-2024-11-25/,joe4942,0.92,,0,worldnews
"Get North Korean troops out of Putin’s war now, Seoul warns Moscow",24817,1117,2024-10-21 12:32:12,,https://www.politico.eu/article/north-korea-troops-out-of-russia-now-south-korea-warns-moscow-war/,sumuenensa,0.96,Russia/Ukraine,0,worldnews
Ukraine confirms it destroyed major Russian ammunition depot,24573,361,2024-12-27 07:16:25,,https://tvpworld.com/84230135/ukraine-confirms-it-destroyed-major-russian-ammunition-depot,KrzyHooy,0.96,Russia/Ukraine,0,worldnews
"Argentina's monthly inflation drops to 2.7%, the lowest level in 3 years",24561,2844,2024-11-13 02:17:12,,https://abcnews.go.com/International/wireStory/argentinas-monthly-inflation-drops-27-lowest-level-3-115787902,BlitzOrion,0.9,,0,worldnews
South Korea President Yoon declares martial law,24529,2811,2024-12-03 13:49:41,,https://www.reuters.com/world/asia-pacific/south-korea-president-yoon-declares-martial-law-2024-12-03/,TeaReim,0.95,,0,worldnews
Trump adds Europe to the list of US trade partners he's threatening with tariffs,24336,2392,2024-12-24 11:43:21,,https://apnews.com/article/trump-europe-trade-tariffs-natural-gas-oil-08d762fdf17a0737aa6add3c9382c4bd,deadpools0,0.92,,0,worldnews
NATO: North Korea sending troops to Ukraine would mark significant escalation,24316,1112,2024-10-21 17:30:04,,https://global.espreso.tv/military-news-nato-northkorea-sending-troops-to-ukraine-would-mark-significant-escalation,PieceAffectionate460,0.95,Russia/Ukraine,0,worldnews
"Ukraine strikes 'only oil refinery operating' in Russia's Rostov Oblast, military says",24219,444,2024-12-19 10:18:29,,https://kyivindependent.com/ukraine-strikes-only-oil-refinery-operating-in-russias-rostov-oblast-military-says/,MothersMiIk,0.96,Russia/Ukraine,0,worldnews
Two Russian tankers carrying tonnes of fuel oil break in half and start sinking near Kerch Strait,24149,1667,2024-12-15 10:56:29,,https://www.pravda.com.ua/eng/news/2024/12/15/7489168/,Silly-avocatoe,0.95,Russia/Ukraine,0,worldnews
Russian General and hundreds of North Korean troops ‘killed in first UK-supplied storm Shadow missile’ strike,24041,836,2024-11-23 20:24:05,,https://www.gbnews.com/news/world/russian-general-hundreds-north-korean-troops-killed-uk-storm-shadow-missile-strike,[deleted],0.91,Russia/Ukraine,0,worldnews
"Grocery prices set to rise as soil becomes ""unproductive""",23787,1923,2024-12-18 04:15:14,,https://www.newsweek.com/grocery-prices-set-rise-soil-becomes-unproductive-2001418,nothingarc,0.93,,0,worldnews
Finland Seizes Ship After Undersea Cable Is Cut,23703,668,2024-12-26 18:22:49,,https://www.nytimes.com/2024/12/26/world/europe/finland-estonia-cables-russia.html,HonkeyDonkey3000,0.97,Behind Soft Paywall,0,worldnews
France and Britain greenlight Ukraine’s use of Storm Shadow missiles against Russia,23390,860,2024-11-17 20:42:43,,https://newsukraine.rbc.ua/news/france-and-britain-greenlight-ukraine-s-use-1731872568.html,TheRealMykola,0.96,Russia/Ukraine,0,worldnews
Putin rejects ‘peace plan’ suggested by Trump and wants to achieve his military goals in Ukraine. Russian ruler explicitly rejected a plan considered by US President-elect Donald Trump’s team that would delay Ukraine’s membership in NATO as a condition for ending the Russia-Ukraine war.,23381,2185,2024-12-27 14:15:42,,https://www.pravda.com.ua/eng/news/2024/12/27/7490923/,Lion8330,0.95,Russia/Ukraine,0,worldnews
"Kremlin reportedly confirms Trump sent Putin Covid test machines, denies Putin phone calls since he left office",23304,430,2024-10-09 12:03:15,,https://www.nbcnews.com/news/world/donald-trump-vladimir-putin-covid-testing-devices-phone-calls-kremlin-rcna174632,M795,0.92,Russia/Ukraine,0,worldnews
Azerbaijani President demands compensation and admission of guilt from Russia for downed plane,23090,358,2024-12-29 14:55:02,,https://www.pravda.com.ua/eng/news/2024/12/29/7491215/,Silly-avocatoe,0.97,Russia/Ukraine,0,worldnews
Canada and India expel each other's diplomats in escalating dispute over an assassination,23019,2779,2024-10-14 17:34:01,,https://www.yahoo.com/news/india-recalls-ambassador-canada-growing-145120043.html,CreekHollow,0.95,,0,worldnews
"Ukraine's surrender hotline is tempting North Koreans to desert, promising they'll be well fed",22985,436,2024-10-30 16:12:43,,https://www.yahoo.com/news/ukraines-surrender-hotline-tempting-north-101157376.html,blllrrrrr,0.97,Russia/Ukraine,0,worldnews
US President Biden Authorizes $571 Million In Military Aid To Taiwan,22944,1260,2024-12-21 13:55:23,,https://www.ibtimes.com/us-president-biden-authorizes-571-million-military-aid-taiwan-3756456,Alexole1,0.93,,0,worldnews
China dissuaded Putin from using nuclear weapons in Ukraine – US secretary of state,23099,1722,2025-01-04 09:35:45,,https://www.pravda.com.ua/eng/news/2025/01/4/7491993/,Silly-avocatoe,0.94,Russia/Ukraine,0,worldnews
"Zelenskyy says elections can be held after ""hot phase of war"" passes",23002,1603,2025-01-03 05:01:44,,https://www.pravda.com.ua/eng/news/2025/01/2/7491801/,eaglemaxie,0.93,Russia/Ukraine,0,worldnews
Tears of joy and sadness as ‘disappeared’ Syrians emerge from Assad’s prisons,22882,655,2024-12-08 21:36:33,,https://www.theguardian.com/world/2024/dec/08/tears-of-joy-and-sadness-as-disappeared-syrians-emerge-from-assads-prisons,PandaMuffin1,0.97,,0,worldnews
Boris Johnson calls for US$500 billion loan to Ukraine and its NATO membership date to be announced,22733,1252,2024-11-18 17:40:04,,https://www.pravda.com.ua/eng/news/2024/11/18/7485144/,Silly-avocatoe,0.92,Russia/Ukraine,0,worldnews
Brazil's first lady insults Elon Musk at G20 social event,22678,1222,2024-11-17 04:05:32,,https://www.reuters.com/world/americas/brazils-first-lady-insults-elon-musk-g20-social-event-2024-11-17/,cmaia1503,0.91,,0,worldnews
If Russia is so concerned about Ukraine’s defensive action then Russia should stop invading: UK statement at the UN Security Council ,22547,317,2024-12-23 21:24:37,,https://www.gov.uk/government/speeches/if-russia-is-so-concerned-about-ukraines-defensive-action-then-russia-should-stop-invading-uk-statement-at-the-un-security-council,eaglemaxie,0.97,Russia/Ukraine,0,worldnews
"Russia suffered 421,000 casualties in 2024, 'highest price' since start of invasion, Syrskyi says",22511,1002,2024-12-29 21:42:55,,https://kyivindependent.com/russia-suffered-421-000-casualties-in-2024-highest-price-since-start-of-invasion-syrskyi-says/,Yveliad,0.94,Russia/Ukraine,0,worldnews
"Russia amplified hurricane disinformation to drive Americans apart, researchers find",22507,699,2024-10-25 01:06:24,,https://www.aol.com/russia-amplified-hurricane-disinformation-drive-221838585.html,[deleted],0.93,Russia/Ukraine,0,worldnews
Terrorist convicted of murdering 4 in Paris synagogue is lecturer at Canadian university,22495,1732,2024-11-03 17:06:18,,https://www.ynetnews.com/article/rkj6jwh11je,alsonotjohnmalkovich,0.82,Convicted in absentia 2023,0,worldnews
"Ukraine has produced its first 100 missiles, Zelensky says",22243,862,2024-11-09 20:35:57,,https://kyivindependent.com/ukraine-has-produced-its-first-100-missiles-zelensky-says/,Unlikely-Friend-5108,0.95,Russia/Ukraine,0,worldnews
Ukraine’s First All-Robot Assault Force Just Won Its First Battle,22091,1154,2024-12-22 00:41:53,,https://www.forbes.com/sites/davidaxe/2024/12/21/ukraines-first-all-robot-assault-force-just-won-its-first-battle/,eaglemaxie,0.94,Russia/Ukraine,0,worldnews
Attempted coup d'etat reportedly taking place in Damascus ,21841,1713,2024-11-30 18:40:54,,https://www.jewishpress.com/news/middle-east/syria/attempted-coup-detat-taking-place-in-damascus/2024/11/30/,Inner-Championship40,0.94,Uncorroborated,0,worldnews
Taliban minister declares women’s voices among women forbidden | Amu TV,21721,2289,2024-10-27 12:31:43,,https://amu.tv/133207/,Unhappy-Apple222,0.93,,0,worldnews
‘What the f**k to do with them?’ Russian soldiers heard condemning North Korean recruits in intercepted audio,21712,1087,2024-10-26 05:21:26,,https://www.cnn.com/2024/10/25/europe/russian-soldiers-north-korean-recruits-intercepts-intl/index.html,DoremusJessup,0.96,Russia/Ukraine,0,worldnews
Ukrainian intelligence bludgeons Russian colonel to death with ‘hammer of justice’,21413,1410,2024-10-22 08:31:24,,https://tvpworld.com/83086476/ukrainian-intelligence-bludgeons-russian-colonel-to-death-with-hammer-of-justice,KrzyHooy,0.9,Russia/Ukraine,0,worldnews
White House official: 8 US telecom providers hacked by Chinese,21306,1153,2024-12-05 04:14:00,,https://www.cnn.com/2024/12/04/politics/us-telecom-providers-chinese-hack/index.html,SuperSpecialAwesome-,0.96,,0,worldnews
Russia bans fruit and veg from Kazakhstan after country refuses to join BRICS,21110,757,2024-10-18 11:00:06,,https://www.politico.eu/article/russia-bans-vegetables-from-kazakhstan-after-country-refuses-to-join-brics/,LES_GRINGO_YTB,0.96,Russia/Ukraine,0,worldnews
"Updated: Ukraine hits Russian naval base in Dagestan for first time, source says",21080,756,2024-11-06 14:49:24,,https://kyivindependent.com/ukraine-targeted-russian-naval-base-in-dagestan-drone-strike-source-says/,Snowfish52,0.96,Russia/Ukraine,0,worldnews
"Russian Army division hit by desertions of ""whole regiment"": Report",21072,392,2024-11-20 09:39:38,,https://www.newsweek.com/russian-army-division-hit-desertions-whole-regiment-report-1988712,Visual-Explorer-111,0.95,Russia/Ukraine,0,worldnews
Trump strongly opposes US missile strikes deep into Russia,20992,3787,2024-12-12 16:55:40,,https://www.pravda.com.ua/eng/news/2024/12/12/7488837/,Silly-avocatoe,0.87,Russia/Ukraine,0,worldnews
More than 100 German legislators back motion to ban far-right AfD,20692,1818,2024-11-13 20:16:25,,https://www.yahoo.com/news/more-100-german-legislators-back-161229774.html?guccounter=1&amp;guce_referrer=aHR0cHM6Ly93d3cuZ29vZ2xlLmNvbS8&amp;guce_referrer_sig=AQAAAEPqRRD2LeIRgYWGSXjbydbMCufsXI25UPGUtsp0MuGx2FOQxP1EqKKHg42CWyEzfWJ9aOD1w5D7MzeJlqHcAbXgeVfwznx8AhrPUtQaFKwrfznbVQXrT2xK5djQ7mb4PaQc8ZqiZZe7mIGI5Ay35INhYgQWjwm5MnGJQE_FzJNR,Leather-Paramedic-10,0.9,,0,worldnews
"Russian attack on cancer treatment center in Kherson 'heinous act of cruelty against civilians,' Zelensky says",20642,330,2024-12-22 14:22:19,,https://kyivindependent.com/russian-attack-on-cancer-treatment-center-in-kherson-heinous-act-of-cruelty-against-civilians-zelensky-says/,AdSpecialist6598,0.96,Russia/Ukraine,0,worldnews
Zelensky Says War in Ukraine Will End Sooner with Trump in Office,20575,2749,2024-11-16 09:25:45,,https://www.kyivpost.com/post/42318,strimholov,0.87,Russia/Ukraine,0,worldnews
Ukraine Carries Out First ATACMS Strike in Russia: RBC-Ukraine,20537,1979,2024-11-19 09:26:04,,https://www.bloomberg.com/news/articles/2024-11-19/ukraine-carries-out-first-atacms-strike-in-russia-rbc-ukraine,bloomberg,0.95,Behind Soft Paywall,0,worldnews
Ukraine targets North Korean troops with psychological warfare,20428,765,2024-12-12 19:56:50,,https://www.newsweek.com/ukraine-news-targets-north-korean-troops-psychological-warfare-russia-better-life-1999578,No-Information6622,0.95,Russia/Ukraine,0,worldnews
Ukraine flag appears on big screen during Putin visit to Kazakhstan,20384,159,2024-11-28 10:53:34,,https://www.reuters.com/world/ukraine-flag-appears-big-screen-during-putin-visit-kazakhstan-2024-11-28/,rustoren,0.96,Russia/Ukraine,0,worldnews
Reports of explosions in Tehran,20362,3042,2024-10-25 23:08:27,,https://www.jpost.com/breaking-news/article-826117,seenabeenacat,0.92,Israel confirms it struck Iran*,0,worldnews
‘There is no money’: Cuba fears total collapse amid grid failure and financial crisis,20361,2474,2024-10-26 13:59:11,,https://www.theguardian.com/world/2024/oct/26/cuba-power-grid-failure-financial-crisis,Advanced_Drink_8536,0.95,,0,worldnews
Ukraine unveils laser weapon capable of downing aircraft,20285,1166,2024-12-16 16:36:17,,https://newsukraine.rbc.ua/news/ukraine-unveils-laser-weapon-capable-of-downing-1734365592.html,Silly-avocatoe,0.94,Russia/Ukraine,0,worldnews
"It Took Nearly Two Years, But Large Numbers Of German-Made Leopard 1 Tanks Are Finally Arriving In Ukraine",20026,601,2024-12-26 20:55:00,,https://www.forbes.com/sites/davidaxe/2024/12/26/it-took-nearly-two-years-but-large-numbers-of-german-made-leopard-1-tanks-are-finally-arriving-in-ukraine/,eaglemaxie,0.96,Russia/Ukraine,0,worldnews
"US to send $15 billion to Ukraine using frozen Russian assets, PM says",20020,472,2024-12-30 11:56:10,,https://kyivindependent.com/us-to-send-15-billion-to-ukraine-using-frozen-russian-assets-pm-says/,javelin3000,0.96,Russia/Ukraine,0,worldnews
"After Trump win, French President Macron asks if EU is 'ready to defend' European interests",19794,1630,2024-11-08 03:46:56,,https://www.foxnews.com/world/after-trump-win-french-president-macron-asks-eu-ready-defend-european-interests,Deedogg11,0.95,,0,worldnews
White House pressing Ukraine to draft 18-year-olds so they have enough troops to battle Russia,19730,4614,2024-11-27 18:30:04,,https://apnews.com/article/ukraine-war-biden-draft-08e3bad195585b7c3d9662819cc5618f?utm_source=copy&amp;utm_medium=share,thegoodsamuraii,0.9,Russia/Ukraine,0,worldnews
"North Korea has sent 10,000 soldiers to Russia, Western source says",19495,1612,2024-10-16 01:19:13,,https://kyivindependent.com/north-korea-has-sent-10-000-soldiers-to-russia-western-source-says/,BothZookeepergame612,0.95,Russia/Ukraine,0,worldnews
Mass grave containing thousands of bodies discovered in Aleppo,19451,632,2024-12-31 21:05:22,,https://www.middleeastmonitor.com/20241231-mass-grave-containing-thousands-of-bodies-discovered-in-aleppo/amp/,FinnBalur1,0.96,,0,worldnews
Death sentence upheld for property tycoon in Vietnam — unless she pays $9 billion before execution,19380,1451,2024-12-04 00:43:49,,https://www.cbsnews.com/news/vietnam-death-sentence-tycoon-truong-my-lan-upheld-unless-pays-9-billion/,Just-Sale-7015,0.97,,0,worldnews
Ukraine war: US gives $20bn to Kyiv funded by seized Russian assets,19348,470,2024-12-10 21:26:42,,https://www.bbc.com/news/articles/c047zrzr2xro,TheFrederalGovt,0.95,Russia/Ukraine,0,worldnews
Kim Jong Un might have sent weak and unprepared soldiers to Russia – Wall Street Journal,19285,1264,2024-10-28 10:48:26,,https://www.pravda.com.ua/eng/news/2024/10/28/7481699/,Silly-avocatoe,0.93,Russia/Ukraine,0,worldnews
"""I betrayed my Party"": Ukrainian forces publish diary of dead North Korean soldier",19215,1120,2024-12-29 04:38:54,,https://www.pravda.com.ua/eng/news/2024/12/28/7491107/,eaglemaxie,0.94,Russia/Ukraine,0,worldnews
"Belarus, following Kazakhstan, has blocked Russia's access to apples",19128,662,2024-10-11 12:34:05,,https://east-fruit.com/en/news/belarus-following-kazakhstan-has-blocked-russias-access-to-apples/,TheDarthSnarf,0.96,Russia/Ukraine,0,worldnews
Ukraine strikes Russian air base with ATACMS missiles crippling aircraft repair capabilities,19105,441,2024-12-16 19:32:33,,https://euromaidanpress.com/2024/12/16/frontline-report-ukraine-strikes-russian-air-base-with-atacms-missiles-crippling-aircraft-repair-capabilities/,strimholov,0.96,Russia/Ukraine,0,worldnews
Trump threatens tariffs If EU doesn’t buy more US oil and gas,18928,2254,2024-12-20 08:09:24,,https://www.moneycontrol.com/news/world/trump-threatens-tariffs-if-eu-doesn-t-buy-more-us-oil-and-gas-12894641.html,xperia3310,0.91,,0,worldnews
WSJ: Russia orchestrated Chinese ship's Baltic cable sabotage ,18751,656,2024-12-16 03:41:31,,https://euromaidanpress.com/2024/12/15/wsj-russia-orchestrated-chinese-ships-baltic-cable-sabotage/,Silly-avocatoe,0.95,Russia/Ukraine,0,worldnews
Australia plans social media ban for under-16s,18676,1210,2024-11-07 03:57:57,,https://www.bbc.com/news/articles/c4gzd62g1r3o,javelin3000,0.96,,0,worldnews
"Russian commanders refusing ""suicidal"" orders to cross Dnieper River—Report",18671,453,2024-12-23 19:37:17,,https://www.newsweek.com/russian-commanders-refusing-suicidal-orders-cross-dnieper-river-report-2005256,NaiE007,0.96,Russia/Ukraine,0,worldnews
"""We captured a lot of Russian weapons from HAMAS, may send them to Ukraine,"" says Israeli politician - Euromaidan Press",18504,463,2024-11-05 04:32:32,,https://euromaidanpress.com/2024/11/04/we-captured-a-lot-of-russian-weapons-from-hamas-may-send-them-to-ukraine-says-israeli-politician/?swcfpc=1&amp;fbclid=IwY2xjawGWfnBleHRuA2FlbQIxMQABHeHbZUqefqCF9XoSm1P1XopmI2fTQazV_P5aH9hlhOoh8YkQaXAjcu8Oyw_aem_KF81mXI1rf5v5hFQcwuXaA,Silly-avocatoe,0.91,Russia/Ukraine,0,worldnews
"Ukraine war briefing: western allies’ response to North Korean deployment is ‘zero’, Zelenskyy says ",18263,1681,2024-11-01 10:53:05,,https://www.theguardian.com/world/2024/nov/01/ukraine-war-briefing-western-allies-response-to-north-korean-deployment-is-zero-zelenskyy-says,xc2215x,0.94,Russia/Ukraine,0,worldnews
Russians Captured 9 Ukrainian Drone Operators And Then Murdered Them,18213,1972,2024-10-16 12:15:45,,https://www.forbes.com/sites/davidaxe/2024/10/13/russian-troops-captured-nine-ukrainian-drone-operators-stripped-them-and-then-murdered-them/,superanth,0.92,,0,worldnews
China Wiretaps Americans in ‘Worst Hack in Our Nation’s History’,18207,1074,2024-11-22 22:57:52,,https://gizmodo.com/china-wiretaps-americans-in-worst-hack-in-our-nations-history-2000528424,Fur-Frisbee,0.95,,0,worldnews
Far-right candidate takes shock lead in Romania presidential election,18178,2105,2024-11-25 02:41:03,,https://www.bbc.com/news/articles/c9dlw5pq967o,Deedogg11,0.92,,0,worldnews
Russian general accused of running torture camps dies in Ukraine,18158,232,2024-11-09 11:32:59,,https://kyivindependent.com/russian-general-accused-of-running-torture-camps-dies-in-ukraine/,blllrrrrr,0.96,Russia/Ukraine,0,worldnews
"More than 600,000 rounds of Swiss sniper ammunition reach Ukraine",18141,572,2024-11-22 11:50:44,,https://www.swissinfo.ch/eng/swiss-politics/645000-rounds-of-swiss-sniper-ammunition-reach-ukraine/88276794?utm_source=multiple&amp;utm_medium=website&amp;utm_campaign=news_en&amp;utm_content=o&amp;utm_term=wpblock_highlighted-compact-news-carousel,BezugssystemCH1903,0.96,Russia/Ukraine,0,worldnews
(South Korea) Army special warfare commander says he defied order to drag out lawmakers,18067,686,2024-12-06 05:20:05,,https://en.yna.co.kr/view/AEN20241206005700315?section=national/politics,SoViDArtworks,0.98,,0,worldnews
Russia threatens South Korea amid arrival of DPRK military – Russian media,18067,1058,2024-10-23 15:56:33,,https://www.pravda.com.ua/eng/news/2024/10/23/7481035/,Silly-avocatoe,0.95,Russia/Ukraine,0,worldnews
Israeli Strikes Knocked Out All Of Iran’s S-300 Air Defense Systems: Officials,18047,1286,2024-10-28 21:01:32,,https://www.twz.com/news-features/israeli-strikes-knocked-out-all-of-irans-s-300-air-defense-systems-officials,SyntheticSweetener,0.91,Israel/Palestine,0,worldnews
UK army chief: We’re ready to fight Putin in Eastern Europe,18041,1519,2024-11-21 14:56:07,,https://www.politico.eu/article/uk-army-chief-rob-magowan-ready-fight-russia-vladimir-putin-eastern-europe/,Designer-Citron-8880,0.95,Russia/Ukraine,0,worldnews
"Iran's Khamenei seriously ill, son likely to be successor as supreme leader - NYT",17865,1020,2024-10-27 00:34:36,,https://www.jpost.com/middle-east/iran-news/article-826211,Logical_Welder3467,0.94,,0,worldnews
Zelensky Says Hopes Trump 'Victory' Will Bring 'Just Peace In Ukraine Closer' ,17839,2886,2024-11-06 09:23:56,,https://www.barrons.com/news/zelensky-says-hopes-trump-victory-will-bring-just-peace-in-ukraine-closer-1f686564,BobbyLucero,0.94,Russia/Ukraine,0,worldnews
US B-2 bombers strike Iran-backed Houthis in Yemen | CNN Politics,17763,2139,2024-10-17 02:05:31,,https://www.cnn.com/2024/10/16/politics/us-strikes-iran-backed-houthis-yemen?cid=ios_app,Advanced_Drink_8536,0.93,,0,worldnews
El Salvador closes 2024 with a record low number of homicides,17782,1248,2025-01-02 17:38:56,,https://abcnews.go.com/International/wireStory/el-salvador-closes-2024-record-low-number-homicides-117257063,No-Information6622,0.95,,0,worldnews
Trump trash talks outgoing Canadian Finance Minister while again referring to Canada as a US state ,17734,4080,2024-12-17 13:36:50,,https://www.cbc.ca/news/world/trump-freeland-post-1.7412270,IndicationFluffy3954,0.91,,0,worldnews
South Korea considers sending personnel to Ukraine as North deploys troops to Russia ,17719,814,2024-10-22 06:58:13,,https://euromaidanpress.com/2024/10/22/south-korea-considers-sending-personnel-to-ukraine-as-north-deploys-troops-to-russia/,Next-Track6947,0.97,Russia/Ukraine,0,worldnews
"Syria's President Bashar al Assad is in Moscow and has been granted asylum, confirms Russian state media",17610,656,2024-12-08 18:20:42,,https://news.sky.com/story/syrias-president-bashar-al-assad-is-in-moscow-and-has-been-granted-asylum-confirms-russian-state-media-13269955,lurker_bee,0.97,Russia/Ukraine,0,worldnews
Ukrainian Teen Forcibly Relocated to Russia Commits Suicide,17218,495,2024-12-24 15:51:08,,https://united24media.com/latest-news/ukrainian-teen-forcibly-relocated-to-russia-commits-suicide-in-foster-family-4672,DownWithAssad,0.94,Russia/Ukraine,0,worldnews
North Korea Claims Mobilisation of 1.4 Million Youth for “Holy War”,17190,1925,2024-10-16 14:29:02,,https://eutoday.net/north-korea-mobilises-1-4-million-youth-for-holy-war/,Castiron_stonks,0.96,North Korea,0,worldnews
Poland seeks British help to protect Ukraine after Trump win,17163,794,2024-11-11 18:36:59,,https://www.thetimes.com/world/europe/article/poland-uk-alliance-prevent-sell-out-ukraine-donald-trump-fl3pc65n8,syvious,0.96,Russia/Ukraine,0,worldnews
Trump team criticises killing of Russian general in Moscow,17155,1928,2024-12-19 00:46:41,,https://www.pravda.com.ua/eng/news/2024/12/18/7489733/,Silly-avocatoe,0.89,Russia/Ukraine,0,worldnews
Berlin Jewish youth soccer team attacked by knife-wielding pro-Hamas mob,17122,2034,2024-11-12 06:05:24,,https://www.jpost.com/diaspora/antisemitism/article-828689,Red_Franklin,0.73,Israel/Palestine,0,worldnews
Thousands of North Korean Soldiers May Deploy to Ukraine by Year-End After Training in russia,17036,1212,2024-10-13 16:31:31,,https://en.defence-ua.com/news/thousands_of_north_korean_soldiers_may_deploy_to_ukraine_by_year_end_after_training_in_russia_wp-12166.html,SprintsAC,0.96,Russia/Ukraine,0,worldnews
"Russia suffers worst month for casualties, says UK defence chief",16988,1063,2024-11-10 11:14:26,,https://www.bbc.com/news/articles/cp3nv7j1xkxo,blllrrrrr,0.94,Russia/Ukraine,0,worldnews
"Russian warship 'fires flares"" at German helicopter: NATO reconnaissance aircraft incident over Baltic Sea sparks new conflict escalation fears",16935,1409,2024-12-04 13:26:17,,https://www.dailymail.co.uk/news/article-14157167/Russian-warship-fires-German-helicopter-WW3.html,BringbackDreamBars,0.95,Russia/Ukraine,0,worldnews
Trudeau: India made ‘horrific mistake’ in violating Canadian sovereignty,16905,2577,2024-10-17 09:30:04,,https://www.theguardian.com/world/2024/oct/16/justin-trudeau-testimony-india,Any-Assignment6022,0.92,,0,worldnews
"North Korean leader Kim Jong Un has issued an order calling for full war preparations against South Korea, including the use of nuclear weapons",16818,1152,2024-11-08 20:12:33,,https://www.dailynk.com/english/kim-orders-nuclear-backed-war-plans-north-korea-labels-south-enemy-state/,giuliomagnifico,0.96,North Korea,0,worldnews
A Ukrainian Leopard 2 Tank Met A Russian Armored Column Head-On and Wrecked It,16749,937,2024-11-14 12:21:29,,https://www.forbes.com/sites/davidaxe/2024/11/13/a-ukrainian-leopard-2-tank-met-a-russian-armored-column-head-on-and-wrecked-it/,SquareAcanthisitta16,0.94,Russia/Ukraine,0,worldnews
"U.S. on DPRK involvement in Russia’s war effort: Sign of Moscow’s desperation, not strength",16694,748,2024-10-20 15:46:20,,https://www.ukrinform.net/rubric-polytics/3917954-us-on-dprk-involvement-in-russias-war-effort-sign-of-moscows-desperation-not-strength.html,blllrrrrr,0.96,Russia/Ukraine,0,worldnews
Chinese vessel spotted where Baltic Sea cables were severed,16633,485,2024-11-19 20:27:11,,https://www.afr.com/world/europe/chinese-vessel-spotted-where-baltic-sea-cables-were-severed-20241120-p5ks0h,VictorEmmanuelIV,0.97,,0,worldnews
"Days After Russian Marines Murdered Nine Ukrainian Prisoners, Ukrainian Paratroopers Are Looking For Revenge—And Finding It",16616,401,2024-10-15 12:27:36,,https://www.forbes.com/sites/davidaxe/2024/10/14/days-after-russian-marines-murdered-nine-ukrainian-prisoners-ukrainian-paratroopers-are-looking-for-revenge-and-finding-it/,eaglemaxie,0.93,Russia/Ukraine,0,worldnews
"Erdoğan accuses Israel of genocide, and then bombs the Kurds",16572,584,2024-10-28 15:00:57,,https://www.ynetnews.com/article/h1umsw6gyl,Brilliant_User_7673,0.92,Israel/Palestine,0,worldnews
US reveals North Korea's demands to Russia in exchange for war support,16501,874,2024-12-09 16:53:13,,https://www.newsweek.com/us-says-north-korea-trading-soldiers-russia-jets-1997561,[deleted],0.95,Russia/Ukraine,0,worldnews
"Ukraine's Zelenskiy urges allies to stop watching, start acting on North Korea",16480,1100,2024-11-02 02:10:25,,https://www.yahoo.com/news/ukraines-zelenskiy-urges-allies-stop-233725262.html,Snowfish52,0.95,Russia/Ukraine,0,worldnews
"'A complete surprise':  IDF surrounds remaining terrorists in north Gaza, 600 surrender",16429,1697,2024-10-29 13:02:52,,https://m.jpost.com/israel-news/article-826573,cytokine7,0.78,60 surrender*,0,worldnews
Iranian singer arrested after performing concert without hijab,16381,672,2024-12-14 21:36:58,,https://www.euronews.com/culture/2024/12/14/iranian-singer-parastoo-ahmadi-arrested-after-performing-concert-without-hijab,Naderium,0.95,,0,worldnews
Canada passes bill to cover birth control and diabetes drug costs for all Canadians,16338,690,2024-10-11 16:06:02,,https://www.bbc.com/news/articles/cwylw2ee05yo,AggravatedCold,0.97,,0,worldnews
"Russian Forces Suffer Major Losses in Syria, Commander Fired as Hundreds Go Missing",16333,843,2024-12-01 11:28:37,,https://www.kyivpost.com/post/43128,Silly-avocatoe,0.96,Russia/Ukraine,0,worldnews
"China unnerved by Russia’s growing ties with North Korea, claims US official",16085,617,2024-11-24 20:22:49,,https://www.theguardian.com/world/2024/nov/24/china-unnerved-russia-growing-ties-north-korea-claims-us-official?CMP=Share_AndroidApp_Other,DomesticErrorist22,0.96,Russia/Ukraine,0,worldnews
Azerbaijan's president says plane that crashed was shot at from Russia,15932,319,2024-12-29 11:40:15,,https://www.reuters.com/world/asia-pacific/azerbaijans-president-says-plane-that-crashed-was-shot-russia-2024-12-29/,BigDaddy0790,0.97,Russia/Ukraine,0,worldnews
Yazidi woman freed by IDF from Gaza reveals ISIS fed her babies,15930,2641,2024-10-19 14:32:10,,https://www.jpost.com/middle-east/article-825066,Logical_Welder3467,0.81,"Cannibalism, in Iraq 2014",0,worldnews
"Ukraine vows to 'never submit’ as war reaches 1,000th day",15901,543,2024-11-19 10:19:58,,https://www.bbc.com/news/articles/c9dl4w87d9zo,Far_Day_7591,0.97,Russia/Ukraine,0,worldnews
Hackers claim 'catastrophic' Internet Archive attack,15859,1634,2024-10-11 03:40:16,,https://www.newsweek.com/catastrophic-internet-archive-hack-hits-31-million-people-1966866,Rusty-Shackleford,0.95,,0,worldnews
"21,000 workers dead in 8 years of Mohammed bin Salman's ‘Saudi vision 2030’: Report",15860,770,2024-10-31 05:04:47,,https://www.hindustantimes.com/world-news/21000-workers-dead-in-8-years-of-mohammed-bin-salmans-saudi-vision-2030-report-101730127065962.html,rustyyryan,0.97,,0,worldnews
Just Stop Oil protesters charged with destroying ancient protected monument after throwing orange paint powder at Stonehenge,15775,1961,2024-11-14 17:57:19,,https://www.gbnews.com/news/stonehenge-just-stop-oil-protesters-charged-destroying-ancient-monument,wizardofthefuture,0.9,Charged: destroying or damaging,0,worldnews
Slovak Prime Minister Fico disappears after visit to Kremlin and is found in a luxury hotel in Vietnam,16409,445,2025-01-05 12:33:53,,https://uatv.ua/en/slovak-prime-minister-fico-disappears-after-visit-to-kremlin-and-is-found-in-a-luxury-hotel-in-vietnam/,boomership,0.97,Russia/Ukraine,0,worldnews
US: Hamas nearly totally militarily incapacitated,15664,2088,2024-10-19 10:20:38,,https://www.jpost.com/israel-news/article-825163,Silly-avocatoe,0.91,Israel/Palestine,0,worldnews
N. Korea conceals combat deaths of troops fighting in Russia,15637,476,2024-11-28 21:04:22,,https://www.dailynk.com/english/north-korea-conceals-combat-deaths-troops-fighting-russia/,MothersMiIk,0.96,Russia/Ukraine,0,worldnews
Japanese politician suggests removing uteruses from women over 30 to boost birth rate,15618,2122,2024-11-13 09:19:50,,https://mustsharenews.com/politician-japan-uterus/,No_Bumblebee4179,0.92,He said it was too extreme ,0,worldnews
"Russian actors made fake video depicting mail-in ballots for Trump being destroyed, FBI says",15332,314,2024-10-27 07:44:13,,https://apnews.com/article/misinformation-fact-check-trump-ballots-destroyed-pennsylvania-d75fdc56c71d77c7a48d8fca96b03288,ThebesAndSound,0.96,Russia/Ukraine,0,worldnews
Russian Chef Who Spoke Out Against Putin's War Found Dead in Europe,15302,506,2024-11-13 14:16:32,,https://www.newsweek.com/russian-chef-against-putin-war-dead-london-1984914,blllrrrrr,0.97,Russia/Ukraine,0,worldnews
Moscow court orders Yandex to hide oil refinery on maps after Ukrainian drone attacks,15323,609,2025-01-03 13:38:31,,https://www.pravda.com.ua/eng/news/2025/01/3/7491891/,Silly-avocatoe,0.96,Russia/Ukraine,0,worldnews
"Russia gathers 50,000 soldiers, including from North Korea, in Kursk region - NYT",15262,1172,2024-11-10 14:30:29,,https://newsukraine.rbc.ua/news/russia-gathers-50-000-soldiers-including-1731243728.html,EsperaDeus,0.95,Russia/Ukraine,0,worldnews
Putin says he’s ‘ready’ to pick up if ‘manly’ Trump calls him,15224,2407,2024-11-08 09:28:32,,https://www.politico.eu/article/vladimir-putin-manly-donald-trump-us-election/,[deleted],0.89,Russia/Ukraine,0,worldnews
Harrowing video shows Hamas torturing innocent Palestinians,15084,1300,2024-11-10 00:46:48,,https://www.dailymail.co.uk/news/article-14063545/gaza-hamas-torture-palestine-israel.html?ito=native_share_article-top,bubaloos,0.85,Israel/Palestine,0,worldnews
Blinken confirms Ukraine to receive $50 billion transfer from frozen Russian assets,15052,392,2024-12-05 18:26:41,,https://kyivindependent.com/blinken-confirms-ukraine-to-receive-50-billion-transfer-from-frozen-russian-assets/,Spiderwig144,0.97,Russia/Ukraine,0,worldnews
North Korea warns US of thermonuclear war,15038,2692,2024-11-22 16:09:39,,https://www.newsweek.com/north-korea-warns-us-thermonuclear-war-1990122,[deleted],0.91,North Korea,0,worldnews
Qatar agrees to kick Hamas officials out of Doha,15020,765,2024-11-09 01:21:20,,https://amp.cnn.com/cnn/2024/11/08/politics/qatar-hamas-doha-us-request,ChandlerOG,0.94,Israel/Palestine,0,worldnews
U.N. peacekeepers in Lebanon will not give in to Israeli demand to 'get out of harm's way',14991,2078,2024-10-15 10:59:51,,https://www.nbcnews.com/news/world/israel-hezbollah-war-lebanon-unfil-peacekeepers-gaza-rcna175434,xc2215x,0.89,Israel/Palestine,0,worldnews
"I should have invaded Ukraine earlier, Putin tells Russians in TV marathon",14767,691,2024-12-19 16:41:52,,https://www.bbc.com/news/articles/cdjgzrkxp97o,GeneReddit123,0.96,Russia/Ukraine,0,worldnews
"'Now is the time to revive suicide bombings,' Hamas leader Sinwar says - report",14763,1448,2024-10-09 17:41:07,,https://m.jpost.com/israel-news/article-823854,StealthCuttlefish,0.88,Israel/Palestine,0,worldnews
Ukraine Attacks North Korean Troops Deployed Near Russia Border,14730,374,2024-11-04 09:39:31,,https://www.bloomberg.com/news/articles/2024-11-04/ukraine-says-north-korean-military-attacked-in-kursk-region,eaglemaxie,0.97,Russia/Ukraine,0,worldnews
"US scrambled to urge Putin not to use nuclear weapons in Ukraine, Woodward book says",14726,1100,2024-10-09 13:32:30,,https://apnews.com/article/russia-ukraine-war-putin-biden-nuclear-weapons-90cb3bb3499a5e211095b3f93173a575,uhncollectable,0.92,Russia/Ukraine,0,worldnews
Mexican President Dismisses Possible 'Soft Invasion' By U.S. Troops As 'A Movie': 'We Will Always Defend Our Sovereignty',14723,2097,2024-11-29 20:24:41,,https://www.latintimes.com/mexican-president-dismisses-possible-soft-invasion-us-troops-movie-we-will-always-567393,0x6835,0.95,,0,worldnews
Discussions over sending French and British troops to Ukraine reignited,14666,1787,2024-11-25 10:55:20,,https://www.lemonde.fr/en/international/article/2024/11/25/discussions-over-sending-french-and-british-troops-to-ukraine-reignited_6734041_4.html,Dr_W00t_,0.95,Russia/Ukraine,0,worldnews
"First North Korean troops killed in Russia, says Lithuanian source",14575,439,2024-10-29 09:09:59,,https://www.lrt.lt/en/news-in-english/19/2399261/first-north-korean-troops-killed-in-russia-says-lithuanian-source,Puzzleheaded_223,0.97,Russia/Ukraine,0,worldnews
Turkey blocks instant messaging platform Discord,14467,1180,2024-10-09 06:22:20,,https://www.reuters.com/technology/turkey-blocks-instant-messaging-platform-discord-2024-10-09/,pourelle,0.96,,0,worldnews
Stolen Ukrainian children put up for adoption on websites funded by Vladimir Putin,14441,419,2024-12-03 13:17:44,,https://www.telegraph.co.uk/world-news/2024/12/03/stolen-ukrainian-children-forced-adoption-russia-putin/,TheTelegraph,0.96,Russia/Ukraine,0,worldnews
US Intelligence Chairman urges immediate action on North Korean troop movements in Ukraine,14416,956,2024-10-19 20:22:08,,https://kyivindependent.com/us-intelligence-chairman-urges-immediate-action-on-north-korean-troop-movements-in-ukraine/,VictorEmmanuelIV,0.96,Russia/Ukraine,0,worldnews
"Putin admits economic ""difficulties"" as interest rates skyrocket",14341,847,2024-10-30 08:33:22,,https://www.newsweek.com/russia-putin-ukraine-bank-difficulties-1976479,ubcstaffer123,0.96,Russia/Ukraine,0,worldnews
Police ‘en route to arrest’ South Korean president Yoon Suk Yeol,14283,527,2025-01-02 22:05:59,,https://www.theguardian.com/world/2025/jan/02/police-en-route-arrest-yoon-suk-yeol-south-korea-president,BitterFuture,0.97,Yoon still free after clashes,0,worldnews
"'Putin is using Ukraine as testing ground,' Zelensky says after reported ICBM strike",14175,888,2024-11-21 16:25:53,,https://kyivindependent.com/zelensky-icbm/,BothZookeepergame612,0.96,Russia/Ukraine,0,worldnews
'Pure fiction' — Kremlin denies Putin and Trump discussed Ukraine by phone after election victory,14151,784,2024-11-11 10:48:55,,https://kyivindependent.com/pure-fiction-kremlin-denies-putin-and-trump-spoke-by-phone-after-election-victory/,blllrrrrr,0.92,Russia/Ukraine,0,worldnews
Russia fines party-goers for ‘looking too gay’,14153,666,2025-01-02 08:37:01,,https://www.telegraph.co.uk/world-news/2025/01/01/russia-fines-party-goers-for-looking-too-gay/,TheTelegraph,0.96,Russia/Ukraine,0,worldnews
Kyiv confirms death of Ukrainian journalist Viktoria Roshchyna in Russian custody,14134,225,2024-10-10 16:51:11,,https://novayagazeta.eu/articles/2024/10/10/kyiv-confirms-death-of-ukrainian-journalist-viktoria-roshchyna-in-russian-custody-en-news,shellfishb,0.96,Russia/Ukraine,0,worldnews
Suicide bombing kills Taliban minister Khalil Haqqani,14130,509,2024-12-11 12:37:35,,https://www.newsweek.com/suicide-bombing-kills-taliban-minister-khalil-haqqani-1999038,newsweek,0.97,,0,worldnews
Fury in Russia at missile move but Putin so far silent,14116,1097,2024-11-18 09:24:18,,https://www.bbc.com/news/articles/cvg5l1220zxo,BobbyLucero,0.95,Russia/Ukraine,0,worldnews
France Allows Ukraine to Strike Russia: “No Red Lines” in Defense Support,13989,622,2024-11-23 16:05:45,,https://united24media.com/latest-news/france-allows-ukraine-to-strike-russia-no-red-lines-in-defense-support-3959,RIPBOZOBEEBO,0.97,Russia/Ukraine,0,worldnews
Ukraine ‘claims responsibility’ for killing senior Russian general in Moscow scooter bombing,13931,402,2024-12-17 09:01:42,,https://www.telegraph.co.uk/world-news/2024/12/17/bomb-kills-senior-russian-general-igor-kirillov-moscow/,TheTelegraph,0.98,Russia/Ukraine,0,worldnews
Ukrainian brigade destroys North Korean Bulsae-4 system in Kharkiv Oblast,13903,270,2024-12-01 03:50:15,,https://english.nv.ua/nation/bulsae-4-soldiers-of-the-third-assault-brigade-strike-dprk-complex-in-kharkiv-oblast-50470718.html,Silly-avocatoe,0.96,Russia/Ukraine,0,worldnews
'Putin is weaker than US' — Zelensky outlines US role in ending war in Ukraine,13840,494,2024-11-20 13:19:26,,https://kyivindependent.com/putin-is-weaker-than-us-zelensky-says/,blllrrrrr,0.95,Russia/Ukraine,0,worldnews
"Trump speaks with Mexico’s president, claims an agreement to effectively close the border",13835,2281,2024-11-28 02:56:25,,https://apnews.com/article/trump-mexico-tariffs-sheinbaum-fentanyl-5fd2fc21950f47e5dbaf5c062c4725b7,Leviabs,0.87,,0,worldnews
Russia tells citizens not to travel to United States,13714,1037,2024-12-11 13:32:03,,https://www.aljazeera.com/amp/news/2024/12/11/russia-tells-citizens-not-to-travel-to-united-states,MothersMiIk,0.96,Russia/Ukraine,0,worldnews
At least 28 dead in South Korean plane crash,13712,1101,2024-12-29 01:32:13,,https://www.bbc.com/news/articles/c3we2p3l36jo,ConfessionsPartII,0.96,179 presumed dead only 2 survivors*,0,worldnews
"“This is inhumane"": Britain and the US react to Russia's Christmas attack on Ukraine | УНН",13564,1014,2024-12-25 14:48:44,,https://unn.ua/en/news/this-is-inhumane-britain-and-the-us-react-to-russias-christmas-attack-on-ukraine,Silly-avocatoe,0.95,Russia/Ukraine,0,worldnews
Artificial Intelligence Raises Ukrainian Drone Kill Rates to 80%,13564,960,2024-10-15 00:14:18,,https://www.kyivpost.com/post/40500,BothZookeepergame612,0.94,Russia/Ukraine,0,worldnews
South Korean President Yoon says he will lift martial law after parliament vote,13546,988,2024-12-03 19:42:47,,https://www.reuters.com/world/asia-pacific/south-koreas-yoon-says-he-will-lift-martial-law-after-parliament-vote-2024-12-03/,gfzgfx,0.97,,0,worldnews
UK Right Warns Trump Allies That Musk’s Posts Have Gone Too Far,13642,888,2025-01-04 22:39:03,,https://www.bnnbloomberg.ca/business/company-news/2025/01/03/uk-right-warns-trump-allies-that-musks-posts-have-gone-too-far/,JayR_97,0.94,,0,worldnews
Orbán threatens to mess with Ukraine aid to help Trump,13474,501,2024-10-14 09:14:38,,https://www.politico.eu/article/viktor-orban-threaten-ukraine-aid-help-donald-trump/,pabinudake,0.93,Russia/Ukraine,0,worldnews
Russia wants Kursk back before negotiations. Ukraine isn’t budging. ,13451,517,2024-11-16 14:49:55,,https://www.washingtonpost.com/world/2024/11/16/russia-wants-kursk-back-before-negotiations-ukraine-isnt-budging/?utm_campaign=wp_main&amp;utm_medium=social&amp;utm_source=reddit.com,washingtonpost,0.96,Behind Soft Paywall,0,worldnews
"Ukraine, US have 'potential for stronger cooperation,' Zelensky says following Trump victory",13383,1490,2024-11-06 21:37:51,,https://kyivindependent.com/ukraine-us-have-potential-for-stronger-cooperation-zelensky-says-following-trump-victory/,maysarivers,0.92,Russia/Ukraine,0,worldnews
Putin approves new budget with record defense spending: around 32.5% of the 2025 budget — or 13.5 trillion rubles (€119 billion) —  has been allocated for national defense,13363,1023,2024-12-01 17:12:06,,https://www.politico.eu/article/putin-russia-budget-moscow-record-defense-spending-kremlin-war-ukraine/,giuliomagnifico,0.97,Russia/Ukraine,0,worldnews
US threatens Israel: Resolve humanitarian crisis in Gaza or face arms embargo - report,13302,1907,2024-10-15 13:07:18,,https://www.jpost.com/breaking-news/article-824725,BringbackDreamBars,0.89,Israel/Palestine,0,worldnews
Russia recruits hundreds of Yemeni Houthis for war against Ukraine – FT,13276,1258,2024-11-24 12:00:50,,https://newsukraine.rbc.ua/news/russia-recruits-hundreds-of-yemeni-houthis-1732440295.html,alimanski,0.93,Russia/Ukraine,0,worldnews
South Korean parliament votes to lift president’s martial law declaration,13150,778,2024-12-03 16:18:34,,https://www.cnbc.com/2024/12/03/south-korean-parliament-votes-to-lift-presidents-martial-law-declaration.html,j4_jjjj,0.97,,0,worldnews
"63% of Ukrainians ready to endure the war as long as necessary, survey shows",13116,539,2024-11-04 13:51:34,,https://kyivindependent.com/63-percent-of-ukrainians-ready-to-endure-the-war-as-long-as-necessary-survey-shows/,Red_Franklin,0.96,Russia/Ukraine,0,worldnews
"Sixty-mile drag mark found near damaged Baltic Sea cable, says Finland ",12954,377,2024-12-30 19:25:05,,https://www.theguardian.com/world/2024/dec/30/finnish-investigators-into-suspected-sabotage-find-100km-trail-on-baltic-sea-bed,Jay_CD,0.98,,0,worldnews
"Russia loses almost 46,000 troops, over $3 billion worth of military equipment in November, Defense Ministry says",12914,649,2024-12-01 21:01:41,,https://kyivindependent.com/russia-loses-record-almost-46-000-troops-over-3-billion-worth-of-military-equipment-in-november-defense-ministry-says/,Yveliad,0.97,Russia/Ukraine,0,worldnews
"Zelenskyy: We will continue strikes on Russian military facilities, increasingly relying on domestically produced weapons",12893,341,2024-12-21 18:16:38,,https://www.pravda.com.ua/eng/news/2024/12/21/7490168/,Silly-avocatoe,0.97,Russia/Ukraine,0,worldnews
IDF checking if Hamas leader Yahya Sinwar killed in Gaza strike,12811,1695,2024-10-17 12:54:14,,https://m.jpost.com/breaking-news/article-825018,CaseEnvironmental824,0.88,Sinwar confirmed dead*,0,worldnews
Russian missile designer eliminated by Ukrainian Intelligence,12798,340,2024-12-12 12:11:06,,https://newsukraine.rbc.ua/news/russian-official-responsible-for-missile-1734001513.html,strimholov,0.96,Russia/Ukraine,0,worldnews
Jewish school in Canada hit by gunfire for second time,12791,572,2024-10-13 05:02:04,,https://www.france24.com/en/live-news/20241012-jewish-school-in-canada-hit-by-gunfire-for-second-time,DoremusJessup,0.91,,0,worldnews
"Nissan, Honda announce plans to merge, creating world’s No. 3 automaker",12729,1014,2024-12-23 08:40:31,,https://www.cnn.com/2024/12/23/business/nissan-honda-merge-automakers-intl-hnk?cid=ios_app,perplexed-redditor,0.98,,0,worldnews
NATO Military Chief Says Troops Would Be on Ground if Not for Russian Nukes,12685,1152,2024-11-10 20:51:03,,https://www.newsweek.com/nato-russia-nuclear-weapons-ukraine-ground-troops-rob-bauer-1983425,VictorEmmanuelIV,0.94,Russia/Ukraine,0,worldnews
'Backbone of Iran's missile industry' destroyed by IAF strikes on Islamic Republic,12680,382,2024-10-27 03:19:31,,https://www.jpost.com/middle-east/iran-news/article-826205,yuri_2022,0.94,,0,worldnews
"Biden rushing assistance to Ukraine, with aid uncertain under Trump",12649,822,2024-11-07 13:42:25,,https://www.reuters.com/world/white-house-plans-rush-military-aid-ukraine-by-inauguration-day-politico-reports-2024-11-06/,blllrrrrr,0.96,Russia/Ukraine,0,worldnews
Ontario premier says US energy exports will be cut off if Trump imposes sweeping tariffs on Canada,12633,1336,2024-12-12 14:19:00,,https://apnews.com/article/canada-interest-rate-cut-trump-tariffs-c0ef920ffb02ea0531c93516abad64e0,RollSafer,0.96,,0,worldnews
Russians announce evacuation from Donetsk Oblast's Yenakiieve after alleged hit on ammo depot ,12623,380,2024-12-10 14:31:28,,https://www.pravda.com.ua/eng/news/2024/12/10/7488516/,eaglemaxie,0.97,Russia/Ukraine,0,worldnews
Wildlife populations plunge 73% since 1970: WWF,12576,700,2024-10-10 00:25:55,,https://www.france24.com/en/live-news/20241010-wildlife-populations-plunge-73-since-1970-wwf,DoremusJessup,0.96,,0,worldnews
Zelenskyy rebuffs Trump’s proposal for rapid peace deal in Ukraine war,12556,1687,2024-11-08 08:17:15,,https://www.politico.eu/article/volodymyr-zelenskyy-ukraine-war-defense-russia-kyiv-moscow-budapest-journalists/,Tac0321,0.95,Russia/Ukraine,0,worldnews
"Iranian military bases, which were not known to world, destroyed in Israel's first",12476,498,2024-10-28 18:31:02,,https://www.india.com/news/world/iranian-military-bases-which-were-not-known-to-world-destroyed-in-israels-first-7356402/amp/,milktanksadmirer,0.92,Israel/Palestine,0,worldnews
Zelensky on record drone attack: This is possible only because Russia is circumventing sanctions,12459,142,2024-11-26 15:47:19,,https://www.ukrinform.net/rubric-ato/3931454-zelensky-on-record-drone-attack-this-is-possible-only-because-russia-is-circumventing-sanctions.html,blllrrrrr,0.97,Russia/Ukraine,0,worldnews
Trump Mocked After Mexico's President Blows Up His Brag About Their Call,12440,1140,2024-11-28 16:55:55,,https://www.huffpost.com/entry/trump-mexico-reactions_n_67483821e4b03b6cea3b8621,VonDukez,0.88,,0,worldnews
"‘Monstrous’ North Korean artillery spotted in Russia, likely for use in Ukraine ",12426,1125,2024-11-15 16:30:41,,https://www.nknews.org/2024/11/monstrous-north-korean-artillery-spotted-in-russia-likely-for-use-in-ukraine/,blllrrrrr,0.96,Russia/Ukraine,0,worldnews
Hungary loses entitlement to billions in EU aid,12360,357,2025-01-01 09:27:49,,https://www.bluewin.ch/en/news/international/hungary-loses-entitlement-to-billions-in-eu-aid-2504966.html,BezugssystemCH1903,0.97,,0,worldnews
NATO to Hold Emergency Talks After Russia's Hypersonic Missile Attack,12285,971,2024-11-22 16:23:15,,https://www.newsweek.com/nato-emergency-talks-russia-hypersonic-missile-attack-ukraine-1990148,blllrrrrr,0.96,Russia/Ukraine,0,worldnews
"About 8,000 North Korean soldiers at Ukraine border, says US",12263,924,2024-11-01 01:52:29,,https://www.theguardian.com/world/2024/oct/31/north-korean-soldiers-at-ukraine-border-says-us,Gyro_Armadillo,0.97,Russia/Ukraine,0,worldnews
Lukashenko says North Korean troops fighting for Putin would be ‘escalation’ of Ukraine war,12238,326,2024-10-24 09:00:38,,https://www.politico.eu/article/alexander-lukashenko-north-korean-troops-escalation-ukraine-war-vladimir-putin/,ubcstaffer123,0.97,Russia/Ukraine,0,worldnews
"Iran religious group recognizes Israel, causing outrage",12229,370,2024-11-05 14:53:36,,https://www.ynetnews.com/article/b1egvtdwyl#autoplay,Red_Franklin,0.93,Israel/Palestine,0,worldnews
Kyiv says Russian troops advancing fast as missile fears grow,12162,1403,2024-11-22 20:00:54,,https://www.courthousenews.com?page_id=1037023,BobbyLucero,0.95,Russia/Ukraine,0,worldnews
US to Iran: Avoid strikes or face unrestrained Israeli retaliation - report,12142,941,2024-11-03 00:55:01,,https://www.jpost.com/middle-east/article-827270,Silly-avocatoe,0.92,Israel/Palestine,0,worldnews
Taiwan wants to buy F-35 fighter jets and Patriot missiles to show Trump it's serious: report,12147,555,2024-11-11 15:24:15,,https://www.businessinsider.com/taiwan-f35-patriot-purchase-signal-defense-readiness-trump-china-weapons-2024-11,DazzJuggernaut,0.96,Behind Soft Paywall,0,worldnews
"‘We Were Sent As Meat,’ A Russian Soldier Says After His Vehicle Rolled Right In Front Of Two Ukrainian Tanks",12005,392,2024-10-31 15:54:40,,https://www.forbes.com/sites/davidaxe/2024/10/30/we-were-sent-as-meat-a-russian-soldier-says-after-his-vehicle-rolled-right-in-front-of-two-ukrainian-tanks/,eaglemaxie,0.97,Russia/Ukraine,0,worldnews
Biden blocks Japan's Nippon Steel from buying US Steel,11968,737,2025-01-03 21:21:01,,https://www.bbc.com/news/articles/cx2vz83pg9eo,doopityWoop22,0.97,,0,worldnews
Russian police reportedly raid Moscow Conservatory dorm and issue military summonses to students,11942,734,2024-11-27 01:18:26,,https://meduza.io/en/news/2024/11/25/russian-police-reportedly-raid-moscow-conservatory-dorm-and-issue-military-summons-to-students,ubcstaffer123,0.96,Russia/Ukraine,0,worldnews
Modi Says BRICS Must Avoid Being an Anti-West Group as It Grows,11888,1223,2024-10-24 09:41:36,,https://www.bloomberg.com/news/articles/2024-10-24/modi-says-brics-must-avoid-being-an-anti-west-group-as-it-grows?srnd=homepage-europe,walrus_operator,0.93,Behind Soft Paywall,0,worldnews
Trump again calls to buy Greenland after eyeing Canada and the Panama Canal,11828,1603,2024-12-23 20:32:01,,https://apnews.com/article/trump-greenland-norway-panama-canal-canada-a52858e3075f9b5ad95e78753293fc1f,naqi11,0.93,,0,worldnews
"Ukrainian POWs Reportedly Stripped Naked, Shot in Russia’s Kursk Region",11778,360,2024-10-13 11:47:04,,https://www.kyivpost.com/post/40459,Ask4MD,0.94,Russia/Ukraine,0,worldnews
Zelenskyy rejects visit of UN Secretary General to Kyiv after his trip to Russia – AFP,11768,350,2024-10-25 14:13:13,,https://www.pravda.com.ua/eng/news/2024/10/25/7481372/,Silly-avocatoe,0.97,Russia/Ukraine,0,worldnews
High ranking Russian military commander assassinated near Moscow,11719,233,2024-10-17 19:42:45,,https://www.newsweek.com/russia-moscow-officer-shot-1970367,CompetitiveNovel8990,0.98,Russia/Ukraine,0,worldnews
Zelenskyy: US threats of sanctions before the war were ''bullshit'',13913,943,2025-01-05 21:55:43,,https://www.pravda.com.ua/eng/news/2025/01/5/7492143/,Pravda_UA,0.94,Russia/Ukraine,0,worldnews
"Ukraine destroys 3 more Russian radar systems in Crimea, military intelligence claims",11684,142,2024-11-30 15:20:06,,https://kyivindependent.com/ukraine-destroys-three-more-russian-radar-systems-in-crimea-military-intelligence-claims/,BothZookeepergame612,0.97,Russia/Ukraine,0,worldnews
‘No one can stop China’s “reunification” with Taiwan’ Xi says,11582,1913,2024-12-31 19:45:56,,https://sarajevotimes.com/no-one-can-stop-chinas-reunification-with-taiwan-xi-says/,guyoffthegrid,0.91,,0,worldnews
"British intelligence reports a major purge of corrupt generals in Moscow
",11570,468,2024-10-21 14:01:51,,https://odessa-journal.com/british-intelligence-reports-a-major-purge-of-corrupt-generals-in-moscow,CompetitiveNovel8990,0.98,Russia/Ukraine,0,worldnews
TikTok CEO summoned to European Parliament over role in shock Romania election,11552,752,2024-11-26 17:40:24,,https://www.politico.eu/article/elections-tiktok-ceo-eu-parliament-romania-election-fake-accounts-pro-russia-calin-georgescu-nato-shock-victory/,MiniBrownie,0.96,,0,worldnews
Zelenskyy agrees to record podcast with American interviewer Lex Fridman,11525,999,2024-11-30 22:54:25,,https://www.yahoo.com/entertainment/zelenskyy-agrees-record-podcast-american-195442810.html,Specific-Menu8568,0.94,Russia/Ukraine,0,worldnews
"Ukraine is fighting 50,000 troops in Russia’s Kursk region, Zelensky says",11416,527,2024-11-11 16:48:07,,https://www.cnn.com/2024/11/11/europe/russia-ukraine-kursk-intl?cid=ios_app,[deleted],0.96,Russia/Ukraine,0,worldnews
Kremlin-occupied Ukraine is now a totalitarian hell,11334,501,2024-11-16 15:36:06,,https://www.economist.com/europe/2024/11/10/kremlin-occupied-ukraine-is-now-a-totalitarian-hell,AlexandrTheTolerable,0.95,Behind Soft Paywall,0,worldnews
US urges Israel to stop shooting at UN peacekeepers in Lebanon,11314,2138,2024-10-12 00:30:53,,https://www.bbc.com/news/articles/c2ek2gkp9k2o,WernerVanDerMerwe,0.87,Israel/Palestine,0,worldnews
France tells Israel to withdraw its forces from Syria buffer zone,11301,1357,2024-12-11 20:05:58,,https://www.lemonde.fr/en/international/article/2024/12/11/france-tells-israel-to-withdraw-its-forces-from-syria-buffer-zone_6735951_4.html,advance512,0.91,Israel/Palestine,0,worldnews
"Senior Pentagon staffer leaked Israel's Iran strike plans, report ",11283,1036,2024-10-22 15:15:04,,https://www.ynetnews.com/article/rjmfxergjx#autoplay,Brilliant_User_7673,0.92,Pentagon denies*,0,worldnews
"""Hypocritical"" to arm Ukraine, Pope Francis says, silent on Russian terror - Euromaidan Press",11238,1806,2024-12-24 06:12:02,,https://euromaidanpress.com/2024/12/24/hypocritical-to-arm-ukraine-pope-francis-says-silent-on-russian-terror/,Silly-avocatoe,0.9,Russia/Ukraine,0,worldnews
China urges 'calm' after Vladimir Putin decree on broader use of nuclear weapons,11174,717,2024-11-21 08:26:24,,https://economictimes.indiatimes.com/news/defence/china-urges-calm-after-vladimir-putin-decree-on-broader-use-of-nuclear-weapons/articleshow/115480250.cms,TeresaCooks152,0.97,Russia/Ukraine,0,worldnews
Taliban bans women from training as nurses and midwives,11153,1529,2024-12-04 16:03:46,,https://www.telegraph.co.uk/world-news/2024/12/04/taliban-bans-women-from-training-as-nurses-and-midwives/,TheTelegraph,0.96,,0,worldnews
IDF confirms potential Hezbollah successor Hashem Safieddine killed in Beirut strike,11138,506,2024-10-22 20:01:50,,https://www.jpost.com/breaking-news/article-825762,itslalala,0.94,Israel/Palestine,0,worldnews
"Russia Planned Genocide Long Before Invasion: Kill Lists, Crematoriums, Mass Graves – HUR",11089,495,2024-11-23 14:54:39,,https://www.kyivpost.com/post/42721,[deleted],0.94,Russia/Ukraine,0,worldnews
$135 Billion Allegedly Smuggled by Assad to Russia,11063,617,2024-12-11 09:59:55,,https://united24media.com/latest-news/135-billion-allegedly-smuggled-by-assad-to-russia-reports-turkiye-gazetesi-4366,Interesting_Sir_545,0.96,Uncorroborated,0,worldnews
Syria’s new government declares Christmas a public holiday,11014,433,2024-12-24 16:49:59,,https://greekcitytimes.com/2024/12/24/syrias-new-government-declares-christmas-a-public-holiday/,Straight_Ad2258,0.98,,0,worldnews
Ukraine traps Russian forces in Kursk direction after calculated withdrawal,10929,466,2024-11-14 13:28:14,,https://euromaidanpress.com/2024/11/14/frontline-report-ukraine-traps-russian-forces-in-kursk-direction-after-calculated-withdrawal/,strimholov,0.97,Russia/Ukraine,0,worldnews
New Orleans driver had ISIS flag and weapons in his vehicle,10933,902,2025-01-01 20:11:25,,https://www.reuters.com/world/us/multiple-fatalities-truck-crashes-into-new-orleans-crowd-cbs-news-says-2025-01-01/,napusenii,0.95,Truck Attack,0,worldnews
Ukraine attacks Moscow with a barrage of drones,10867,557,2024-11-10 08:27:54,,https://www.euronews.com/2024/11/10/ukraine-attacks-moscow-with-a-barrage-of-drones,panzerfan,0.98,Russia/Ukraine,0,worldnews
"Most pregnant women and unborn babies who contract bird flu will die, study finds",10848,732,2024-12-22 15:56:49,,https://www.theguardian.com/australia-news/2024/dec/20/australia-bird-flu-pandemic-risks-pregnant-women-unborn-babies?CMP=Share_iOSApp_Other,LudovicoSpecs,0.96,,0,worldnews
"United States 'Will Disappear', Russian Lawmaker Threatens on Live TV",10800,1336,2024-11-18 12:26:24,,https://www.newsweek.com/russia-ukraine-united-states-threats-1987296,blllrrrrr,0.93,Russia/Ukraine,0,worldnews
"IDF reveals: Six Al Jazeera journalists are Hamas, PIJ terrorists",10798,1591,2024-10-23 14:20:08,,https://m.jpost.com/israel-news/article-825877,Brilliant_User_7673,0.77,Israel/Palestine,0,worldnews
"North Korea may send 100,000 troops to Russia, as Kim tells military to ‘go all out’",10723,854,2024-11-18 05:21:43,,https://www.scmp.com/news/asia/east-asia/article/3286980/north-korea-may-send-100000-troops-russia-kim-tells-military-go-all-out?module=top_story&amp;pgtype=homepage,Saltedline,0.97,Behind Soft Paywall,0,worldnews
Taiwan reportedly building hypersonic missiles that can hit north of Beijing,10707,569,2024-12-30 23:43:26,,https://taiwannews.com.tw/news/6003860,poltrudes,0.97,,0,worldnews
Putin lacks support as only 14 percent of Russians back his foreign policy,10643,458,2024-10-23 07:38:31,,https://www.newsweek.com/russia-putin-ukraine-war-1972857,tomorrow509,0.96,Poll suggests,0,worldnews
Flights are avoiding Russian airspace after the Azerbaijan Airlines crash,10637,280,2024-12-27 17:54:49,,https://www.businessinsider.com/airlines-avoid-russia-airspace-after-azerbaijan-airlines-crash-2024-12?international=true&amp;r=US&amp;IR=T,E_Kristalin,0.98,Behind Soft Paywall,0,worldnews
Japan high court rules same-sex marriage ban unconstitutional,10595,136,2024-10-30 01:25:08,,https://english.kyodonews.net/news/2024/10/5e930eef8c28-urgent-japan-high-court-rules-same-sex-marriage-ban-unconstitutional.html,Independent-Pay-2572,0.96,,0,worldnews
Japan to Provide Over $3 Billion to Ukraine from Frozen Russian Assets,10550,114,2024-10-29 05:07:48,,https://united24media.com/latest-news/japan-to-provide-over-3-billion-to-ukraine-from-frozen-russian-assets-3337,SuFl22,0.98,Russia/Ukraine,0,worldnews
Putin orders illegal migrants to leave russia by april 2025 ,10535,746,2024-12-30 14:41:35,,https://unn.ua/en/news/putin-orders-illegal-migrants-to-leave-russia-by-april-2025,Silly-avocatoe,0.96,Russia/Ukraine,0,worldnews
North Korean Defectors Offer to Support Ukrainian Psyops Against Former Comrades,10527,174,2024-10-29 13:19:38,,https://www.kyivpost.com/post/41239,Unlikely-Friend-5108,0.97,Russia/Ukraine,0,worldnews
Russian shadow fleet leaves oil spills all over world – Politico,10531,242,2024-10-17 08:22:49,,https://www.pravda.com.ua/eng/news/2024/10/17/7480072/,Silly-avocatoe,0.96,Russia/Ukraine,0,worldnews
"'Ukraine forced to fight against North Korea in Europe,' Zelensky says",10518,514,2024-10-27 14:08:59,,https://kyivindependent.com/ukraine-forced-to-fight-against-north-korea-in-europe-zelensky-says/,BothZookeepergame612,0.97,Russia/Ukraine,0,worldnews
Explosives plant in Russia hit by Ukrainian Special Forces Drones ,10509,160,2024-10-20 10:10:08,,https://www.pravda.com.ua/eng/news/2024/10/20/7480514/,tomorrow509,0.98,Russia/Ukraine,0,worldnews
US Marine Trevor Reed sentenced to 14 years in Russia for serving in Ukraine,10517,367,2024-10-09 12:01:04,,https://www.telegraph.co.uk/us/news/2024/10/09/us-marine-trevor-reed-sentenced-14-years-russia-ukraine/,TheTelegraph,0.96,Russia/Ukraine,0,worldnews
Russia in panic as US sanctions trigger ruble collapse – DW,10387,604,2024-11-29 12:11:37,,https://www.dw.com/en/russia-ruble-us-sanctions-war-in-ukraine-v1/a-70905425,[deleted],0.96,Russia/Ukraine,0,worldnews
NATO can provide Ukraine with missiles with a range of up to 5500 km,10390,452,2024-11-26 12:38:38,,https://unn.ua/en/news/nato-can-provide-ukraine-with-missiles-with-a-range-of-up-to-5500-km-what-is-known,strimholov,0.95,Russia/Ukraine,0,worldnews
Ukraine Burns Russian Shahed Warehouse And Reveals New Capabilities,10385,298,2024-12-24 18:06:37,,https://www.forbes.com/sites/davidhambling/2024/12/24/ukraine-burns-russian-shahed-warehouse-and-reveals-new-capabilities/,eaglemaxie,0.98,Russia/Ukraine,0,worldnews
Russia ‘grossly exaggerated’ strength of forces says Britain,10369,494,2024-10-14 16:36:10,,https://ukdefencejournal.org.uk/russia-grossly-exaggerated-strength-of-forces-says-britain/,cryptocandyclub,0.97,Russia/Ukraine,0,worldnews
Ukraine downs 2 Russian helicopters in sea drone attack,10376,172,2025-01-02 14:04:36,,https://kyivindependent.com/ukraine-downs-2-russian-helicopters-in-sea-drone-attack/,AdSpecialist6598,0.97,Russia/Ukraine,0,worldnews
Denmark is returning 15% of its farmland back to nature,10334,482,2024-11-24 16:38:09,,https://www.fastcompany.com/91233055/denmark-is-returning-15-of-its-farmland-back-to-nature,SendStoreMeloner,0.96,,0,worldnews
Countrywide strike demanding new elections is announced in Georgia,10273,177,2025-01-04 17:05:22,,https://www.pravda.com.ua/eng/news/2025/01/4/7492038/,Silly-avocatoe,0.97,,0,worldnews
'Russia only wins if the West quits' — Gen. Ben Hodges,10236,240,2024-11-20 20:14:09,,https://kyivindependent.com/russia-only-wins-if-the-west-quits-gen-ben-hodges/,Snowfish52,0.97,Russia/Ukraine,0,worldnews
China calls on ''all parties'' to exercise restraint after Russia's use of new ballistic missile,10199,691,2024-11-22 13:39:55,,https://www.pravda.com.ua/eng/news/2024/11/22/7485825/,Silly-avocatoe,0.96,Russia/Ukraine,0,worldnews
British Storm Shadow missiles strike targets INSIDE Russia,10135,559,2024-11-20 22:40:51,,https://www.dailymail.co.uk/news/article-14107159/Moment-British-Storm-Shadow-missiles-strike-Russia-North-Korea-underground-bunker.html,lucivaryas,0.96,Russia/Ukraine,0,worldnews
Kremlin reveals what ultimatums Putin gave to Scholz,10134,658,2024-11-15 17:01:46,,https://www.pravda.com.ua/eng/news/2024/11/15/7484729/,FanPractical9683,0.94,Russia/Ukraine,0,worldnews
Ukraine destroys Russian $5 million radar system in Crimea,10095,110,2024-11-28 21:06:30,,https://kyivindependent.com/ukraines-military-intelligence-says-it-destroyed-russian-5-million-radar-system/,strimholov,0.98,Russia/Ukraine,0,worldnews
"Assad regime in Syria may fall in days, US increasingly believes | CNN Politics",10079,863,2024-12-07 18:42:48,,https://www.cnn.com/2024/12/07/politics/assad-regime-syrian-civil-war?cid=ios_app,Impossible_Piano_29,0.97,,0,worldnews
Antisemitic incidents up 670% in Canada since October 7,10060,1265,2024-10-16 10:44:37,,https://www.ynetnews.com/article/bkbnhl6ykg,parski841,0.83,,0,worldnews
