title,score,comments,created_utc,selftext,url,author,upvote_ratio,flair,num_awards,subreddit,content
Biden Allows Ukraine to Strike Russia With Long-Range U.S. Missiles,68135,5035,2024-11-17 18:06:21,,https://www.nytimes.com/2024/11/17/us/politics/biden-ukraine-russia-atacms-missiles.html?smid=nytcore-ios-share&amp;referringSource=articleShare,SportsGod3,0.91,Behind Soft Paywall,0,worldnews,Biden Allows Ukraine to Strike Russia With LongRange US Missiles 
"Russia says Donald Trump's election win ""useful for us""",62255,7652,2024-11-06 10:21:04,,https://www.newsweek.com/russia-medvedev-trump-useful-1981117,NaiE007,0.73,Russia/Ukraine,0,worldnews,Russia says Donald Trumps election win useful for us 
Zelenskyy: No world leader has the right to negotiate with Putin on behalf of Ukraine,59713,2008,2024-12-18 11:16:26,,https://www.pravda.com.ua/eng/news/2024/12/18/7489634/,Silly-avocatoe,0.92,Russia/Ukraine,0,worldnews,Zelenskyy No world leader has the right to negotiate with Putin on behalf of Ukraine 
"Server found in apartment funded by Russian government used AI to interfere with 2024 US elections | Department of Treasury December 31, 2024",56973,2324,2025-01-01 05:44:27,,https://home.treasury.gov/news/press-releases/jy2766,StatisticalPikachu,0.91,Russia/Iran sanctioned,0,worldnews,Server found in apartment funded by Russian government used AI to interfere with  US elections  Department of Treasury December   
Russian Oligarch Found Dead in Moscow after Falling Out of Window,54859,4257,2024-10-21 11:14:13,,https://www.newsweek.com/russia-mysterious-death-oil-yukos-oligarch-rogachev-window-cancer-suicide-1972000,blllrrrrr,0.94,Russia/Ukraine,0,worldnews,Russian Oligarch Found Dead in Moscow after Falling Out of Window 
A bomb kills the head of Russia’s nuclear defense forces and his assistant in Moscow,49749,1339,2024-12-17 08:19:00,,https://apnews.com/article/russia-explosion-head-of-nuclear-defense-forces-killed-9656bce946a9f552454df9debe5fbd18,Hefty-Relationship-8,0.95,Russia/Ukraine,0,worldnews,A bomb kills the head of Russias nuclear defense forces and his assistant in Moscow 
Spain to Enshrine Gay Marriage and Abortion Rights Into its Constitution so ‘They Cannot be Undone in the Future’,49100,911,2024-12-06 16:31:36,,https://www.theolivepress.es/spain-news/2024/12/06/spain-to-enshrine-gay-marriage-and-abortion-rights-into-its-constitution-so-they-cannot-be-undone-in-the-future/,Extreme_Hate2023,0.9,,0,worldnews,Spain to Enshrine Gay Marriage and Abortion Rights Into its Constitution so They Cannot be Undone in the Future 
"Zelenskyy suggests he's prepared to end Ukraine war in return for NATO membership, even if Russia doesn't immediately return seized land",47889,3386,2024-11-29 19:21:35,,https://news.sky.com/story/zelenskyy-suggests-hes-prepared-to-end-ukraine-war-in-return-for-nato-membership-even-if-russia-doesnt-immediately-return-seized-land-13263085,KeyLog256,0.93,Russia/Ukraine,0,worldnews,Zelenskyy suggests hes prepared to end Ukraine war in return for NATO membership even if Russia doesnt immediately return seized land 
"Bomb threats across multiple states traced to Russian email domains, FBI says",45680,735,2024-11-05 22:15:01,,https://kyivindependent.com/bomb-threats-across-multiple-states-traced-to-russian-email-domains-fbi-says/,Becauseyouarethebest,0.91,Russia/Ukraine,0,worldnews,Bomb threats across multiple states traced to Russian email domains FBI says 
President Yoon Suk Yeol impeached,45062,1098,2024-12-14 08:01:58,,https://koreajoongangdaily.joins.com/news/2024-12-14/national/politics/President-Yoon-Suk-Yeol-impeached/2200691,ProfessionalOwn5490,0.96,South Korea,0,worldnews,President Yoon Suk Yeol impeached 
"‘They’re girls, not wives’: Colombia votes to outlaw child marriage",44705,519,2024-11-15 02:48:20,,https://www.cnn.com/2024/11/14/americas/colombia-child-marriage-law-intl-latam/index.html?utm_medium=social&amp;utm_source=reddit,cnn,0.97,,0,worldnews,Theyre girls not wives Colombia votes to outlaw child marriage 
Elon Musk’s Secret Conversations With Vladimir Putin,43935,2204,2024-10-25 04:01:34,,https://www.rawstory.com/amp/elon-musk-2669477305-2669477305,Turbulent_Art5743,0.86,Russia/Ukraine,0,worldnews,Elon Musks Secret Conversations With Vladimir Putin 
Over 100 women commit mass suicide in Sudan's Al Jazirah,43833,2258,2024-10-31 05:58:55,,https://www.albawaba.com/node/over-100-women-commit-mass-suicide-1591038,Youdi990,0.94,,0,worldnews,Over  women commit mass suicide in Sudans Al Jazirah 
Mexico suggests it would impose its own tariffs to retaliate against any Trump tariffs,43749,4652,2024-11-26 16:23:54,,https://apnews.com/article/mexico-tariffs-trump-retaliate-sheinbaum-fac0b0c6ee8c425a928418de7332b74a,le_fromagee,0.91,,0,worldnews,Mexico suggests it would impose its own tariffs to retaliate against any Trump tariffs 
Zelenskyy: We Gave Away Our Nuclear Weapons and Got Full-Scale War and Death in Return,43354,1894,2024-10-22 22:47:44,,https://united24media.com/latest-news/zelenskyy-we-gave-away-our-nuclear-weapons-and-got-full-scale-war-and-death-in-return-3203,Naderium,0.92,Russia/Ukraine,0,worldnews,Zelenskyy We Gave Away Our Nuclear Weapons and Got FullScale War and Death in Return 
"After Syria, world must realise that Russia can be defeated – Polish PM",42562,1482,2024-12-09 10:45:10,,https://www.pravda.com.ua/eng/news/2024/12/8/7488259/,HydrolicKrane,0.92,Russia/Ukraine,0,worldnews,After Syria world must realise that Russia can be defeated  Polish PM 
Russia-linked cable-cutting tanker seized by Finland ‘was loaded with spying equipment’,42250,1285,2024-12-27 17:38:31,,https://www.lloydslist.com/LL1151955/Russia-linked-cable-cutting-tanker-seized-by-Finland-was-loaded-with-spying-equipment,sn0r,0.96,Russia/Ukraine,0,worldnews,Russialinked cablecutting tanker seized by Finland was loaded with spying equipment 
Sudan: Hundreds of Women Died by Suicide to Avoid Rape,41858,2049,2024-10-30 12:49:37,,https://newscentral.africa/sudan-hundreds-of-women-died-by-suicide-to-avoid-rape-hala-kirbi/amp/,Wrld-Competitive,0.94,,0,worldnews,Sudan Hundreds of Women Died by Suicide to Avoid Rape 
Biden warned Iran that US would consider assassination attempt against Trump as declaration of war,41068,4103,2024-10-12 18:31:03,,https://www.1lurer.am/en/2024/10/12/Biden-warned-Iran-that-US-would-consider-assassination-attempt-against-Trump-as-declaration-of-war/1203125,kfireven,0.73,,0,worldnews,Biden warned Iran that US would consider assassination attempt against Trump as declaration of war 
Putin Asked Elon Musk Not to Deploy Starlink in Taiwan,39872,1546,2024-10-25 15:37:56,,https://www.pcmag.com/news/putin-reportedly-asked-elon-musk-not-to-deploy-starlink-in-taiwan,OkayButFoRealz,0.91,Russia/Ukraine,0,worldnews,Putin Asked Elon Musk Not to Deploy Starlink in Taiwan 
"Biden surges arms to Ukraine, fearing Trump will halt U.S. aid",39757,2165,2024-12-02 12:51:29,,https://www.washingtonpost.com/national-security/2024/12/02/biden-trump-ukraine-russia/,superanth,0.91,Behind Soft Paywall,0,worldnews,Biden surges arms to Ukraine fearing Trump will halt US aid 
Putin's youngest daughter 'living in Paris under a pseudonym',39725,2522,2024-11-28 20:42:22,,https://www.telegraph.co.uk/world-news/2024/11/28/putin-youngest-daughter-paris-pseudonym-luiza-rozova/,TheTelegraph,0.92,Russia/Ukraine,0,worldnews,Putins youngest daughter living in Paris under a pseudonym 
Preliminary investigation confirms Russian missile caused Azerbaijan Airlines crash,39364,1577,2024-12-26 13:06:46,,https://www.euronews.com/2024/12/26/exclusive-preliminary-investigation-confirms-russian-missile-over-grozny-caused-aktau-cras,DomesticErrorist22,0.96,Russia/Ukraine,0,worldnews,Preliminary investigation confirms Russian missile caused Azerbaijan Airlines crash 
Biden administration moves to forgive $4.7 billion of loans to Ukraine,38947,3524,2024-11-21 01:19:45,,https://www.reuters.com/world/biden-administrations-moves-forgive-47-billion-loans-ukraine-2024-11-20/,piponwa,0.86,Russia/Ukraine,0,worldnews,Biden administration moves to forgive  billion of loans to Ukraine 
"The Guardian, one of the main news outlets in UK, will no longer post on Elon Musk’s X",38392,1891,2024-11-13 12:35:35,,https://www.theguardian.com/media/2024/nov/13/the-guardian-no-longer-post-on-x-twitter-elon-musk,biwook,0.89,,0,worldnews,The Guardian one of the main news outlets in UK will no longer post on Elon Musks X 
Biden administration to allow American military contractors to deploy to Ukraine for first time since Russia’s invasion | CNN Politics,38120,2573,2024-11-08 18:53:06,,https://edition.cnn.com/2024/11/08/politics/biden-administration-american-military-contractors-deploy-ukraine/index.html,piponwa,0.93,Russia/Ukraine,0,worldnews,Biden administration to allow American military contractors to deploy to Ukraine for first time since Russias invasion  CNN Politics 
"Zelenskyy: Ukraine will not cede territory, regardless of US election results",38039,1472,2024-10-31 21:25:31,,https://www.pravda.com.ua/eng/news/2024/10/31/7482361/,Silly-avocatoe,0.93,Russia/Ukraine,0,worldnews,Zelenskyy Ukraine will not cede territory regardless of US election results 
Russian Ruble Collapses As Putin's Economy in Trouble,37521,2916,2024-11-27 14:41:36,,https://www.newsweek.com/russia-ruble-dollar-currency-economy-1992332,blllrrrrr,0.92,Russia/Ukraine,0,worldnews,Russian Ruble Collapses As Putins Economy in Trouble 
Syrian government appears to have fallen in stunning end to 50-year rule of Assad family,37538,2005,2024-12-08 04:17:13,,https://apnews.com/article/syria-assad-sweida-daraa-homs-hts-qatar-7f65823bbf0a7bd331109e8dff419430,Strongbow85,0.97,,0,worldnews,Syrian government appears to have fallen in stunning end to year rule of Assad family 
Trump refuses to rule out use of military force to take control of Greenland and the Panama Canal,37517,7941,2025-01-07 17:35:13,,https://apnews.com/article/trump-biden-offshore-drilling-gulf-of-america-fa66f8d072eb39c00a8128a8941ede75,lukalux3,0.84,,0,worldnews,Trump refuses to rule out use of military force to take control of Greenland and the Panama Canal 
"Power goes out on entire island of Cuba, leaving 10 million people without electricity",37268,3122,2024-10-19 00:42:42,,https://www.nbcnews.com/news/latino/power-goes-entire-island-cuba-leaving-10-million-people-dark-rcna176169,Eedat,0.95,,0,worldnews,Power goes out on entire island of Cuba leaving  million people without electricity 
"Russia Lost 10,000 Troops in a Single Week: Kyiv",36905,2251,2024-10-28 13:14:07,,https://www.newsweek.com/russia-casualties-ukraine-fighting-1975746,Wrld-Competitive,0.91,Russia/Ukraine,0,worldnews,Russia Lost  Troops in a Single Week Kyiv 
King Charles 'won't stand in way' if Australia chooses to axe monarchy and become republic,36854,2088,2024-10-12 09:54:57,,https://www.lbc.co.uk/news/king-charles-wont-stand-in-way-australia-republic/,kwentongskyblue,0.94,,0,worldnews,King Charles wont stand in way if Australia chooses to axe monarchy and become republic 
Zelenskyy on permission to strike Russia: The missiles will speak for themselves,36695,2000,2024-11-18 01:55:10,,https://www.pravda.com.ua/eng/news/2024/11/17/7484979/,eaglemaxie,0.92,Russia/Ukraine,0,worldnews,Zelenskyy on permission to strike Russia The missiles will speak for themselves 
Assassinated Hamas Leader Had UN Employee ID on Body at Time of Death,36380,2756,2024-10-17 22:57:40,,https://www.latintimes.com/assassinated-hamas-leader-had-un-employee-id-body-time-death-562569,ewzetf,0.75,Israel/Palestine,0,worldnews,Assassinated Hamas Leader Had UN Employee ID on Body at Time of Death 
"‘Black Day for Russia’ – Ukraine Crushes Moscow Offensive in Kursk, Destroying Battalion and Over 200 Soldiers",35992,1073,2024-11-14 02:17:13,,https://www.kyivpost.com/post/42116,strimholov,0.92,Russia/Ukraine,0,worldnews,Black Day for Russia  Ukraine Crushes Moscow Offensive in Kursk Destroying Battalion and Over  Soldiers 
Zelenskyy says ‘suicidal’ to offer Putin concessions on Ukraine,35793,1917,2024-11-07 17:26:00,,https://www.courthousenews.com?page_id=1023996,BobbyLucero,0.93,Russia/Ukraine,0,worldnews,Zelenskyy says suicidal to offer Putin concessions on Ukraine 
Zelenskyy says Ukraine will be forced to fight against North Korea as he calls on allies to increase pressure on Russia  ,35423,1345,2024-10-27 21:44:33,,https://www.businessinsider.com/zelenskyy-says-ukraine-will-be-forced-fight-against-north-korea-2024-10,BobbyLucero,0.92,Behind Soft Paywall,0,worldnews,Zelenskyy says Ukraine will be forced to fight against North Korea as he calls on allies to increase pressure on Russia   
Russia is likely behind poisoning of former Ukrainian President Yushchenko back in 2004 – US intelligence,35312,804,2024-11-23 13:22:50,,https://www.pravda.com.ua/eng/news/2024/11/23/7485985/,Silly-avocatoe,0.94,Russia/Ukraine,0,worldnews,Russia is likely behind poisoning of former Ukrainian President Yushchenko back in   US intelligence 
"Kim Jong-un bans hotdogs for North Koreans, cooking them an act of treason",35114,2656,2025-01-06 22:20:59,,https://www.nzherald.co.nz/world/kim-jong-un-bans-hotdogs-for-north-koreans-cooking-them-an-act-of-treason/TKN3HJF3HRHZZHCCJ5L7EPF66Q/,CrazyAssBlindKid,0.9,North Korea,0,worldnews,Kim Jongun bans hotdogs for North Koreans cooking them an act of treason 
Trudeau opposes allowing Russia to keep ‘an inch’ of Ukrainian territory,34963,1828,2024-11-25 21:54:55,,https://www.theglobeandmail.com/politics/article-trudeau-opposes-russia-annexing-ukraine-territory/,ubcstaffer123,0.93,Behind Soft Paywall,0,worldnews,Trudeau opposes allowing Russia to keep an inch of Ukrainian territory 
"Europe will not allow attacks, says France, after Trump Greenland threat",36523,4139,2025-01-08 12:57:15,,https://www.bbc.com/news/articles/ckg9gvg3452o?xtor=AL-99999-%5Bpartner%5D-%5Bbbc.news.twitter%5D-%5Bheadline%5D-%5Bnews%5D-%5Bbizdev%5D-%5Bisapi%5D&amp;at_b,ParsleyMean3012,0.9,,0,worldnews,Europe will not allow attacks says France after Trump Greenland threat 
Zelensky says he needs Nato guarantees before entering peace talks with 'killer' Putin,34168,1667,2024-12-01 18:20:41,,https://www.telegraph.co.uk/world-news/2024/12/01/ukraine-zelensky-demands-nato-guarantees-peace-talks-putin/,TheTelegraph,0.93,Russia/Ukraine,0,worldnews,Zelensky says he needs Nato guarantees before entering peace talks with killer Putin 
Biden plans to use billions in seized Russian assets to fund Ukraine aid,34160,781,2024-10-23 23:09:15,,https://www.courthousenews.com?page_id=1018936,BobbyLucero,0.94,Russia/Ukraine,0,worldnews,Biden plans to use billions in seized Russian assets to fund Ukraine aid 
Germany’s SPD Calls for Antitrust Act to Clip Elon Musk’s Power,33743,891,2024-12-22 19:45:39,,https://www.bloomberg.com/news/articles/2024-12-22/germany-s-spd-calls-for-antitrust-act-to-clip-elon-musk-s-power,bloomberg,0.93,Behind Soft Paywall,0,worldnews,Germanys SPD Calls for Antitrust Act to Clip Elon Musks Power 
"North Korean troops open fire on Russian unit, Ukraine's military intelligence claims",33309,1076,2024-12-15 14:27:04,,https://kyivindependent.com/north-korean-troops-open-fire-on-russian-unit-ukraines-military-intelligence-claims/,AdSpecialist6598,0.94,Russia/Ukraine,0,worldnews,North Korean troops open fire on Russian unit Ukraines military intelligence claims 
"China hacked phones of Donald Trump's family, says FBI",33229,1057,2024-10-30 03:06:48,,https://www.telegraph.co.uk/us/politics/2024/10/29/china-hacked-phones-donald-trump-family-says-fbi/,DoremusJessup,0.93,,0,worldnews,China hacked phones of Donald Trumps family says FBI 
Report: Russia plotted to start fires on planes bound for Canada and the U.S.,33109,1312,2024-11-04 19:42:52,,https://www.shorelinebeacon.com/news/canada/report-russia-plotted-to-start-fires-on-planes-bound-for-canada-and-the-u-s,TheDarthSnarf,0.93,Russia/Ukraine,0,worldnews,Report Russia plotted to start fires on planes bound for Canada and the US 
Russian air missile accident emerges as probable cause of Azerbaijan Airlines crash tragedy,31998,1609,2024-12-25 19:34:24,,https://www.euronews.com/2024/12/25/azerbaijani-passenger-plane-crashes-near-kazakh-city-of-aktau,Seek_Adventure,0.94,Russia/Ukraine,0,worldnews,Russian air missile accident emerges as probable cause of Azerbaijan Airlines crash tragedy 
Sweden's Social Democrats want to activate NATO's Article 4 after the cable sabotage in the Baltic Sea ,31606,910,2024-12-28 18:55:30,,https://swedenherald.com/article/hultqvist-on-the-baltic-sea-activate-natos-article-4,TemperateStone,0.96,,0,worldnews,Swedens Social Democrats want to activate NATOs Article  after the cable sabotage in the Baltic Sea  
Japan to give Ukraine US$3 billion from proceeds of frozen Russian assets,31428,349,2024-12-26 01:44:37,,https://www.pravda.com.ua/eng/news/2024/12/25/7490715/,eaglemaxie,0.97,Russia/Ukraine,0,worldnews,Japan to give Ukraine US billion from proceeds of frozen Russian assets 
Taliban bars Afghan women from hearing each other's voices,31340,2567,2024-10-29 20:42:32,,https://nationalpost.com/news/world/taliban-bars-afghan-women-from-hearing-each-other?utm_source=reddit&amp;utm_medium=organic&amp;utm_campaign=NP_social,nationalpost,0.93,,0,worldnews,Taliban bars Afghan women from hearing each others voices 
North Korean troops deserting Ukraine frontline days after arrival,31062,1127,2024-10-16 12:16:59,,https://www.newsweek.com/north-korean-troops-deserting-ukraine-frontline-hours-after-arrival-report-1969726,superanth,0.95,Russia/Ukraine,0,worldnews,North Korean troops deserting Ukraine frontline days after arrival 
Forbes: Elon Musk Pushes For Britain’s King Charles To Dissolve Parliament—As Lawmakers Say Tesla CEO Is ‘Misinformed’,31051,2954,2025-01-05 06:36:19,,https://www.forbes.com/sites/tylerroush/2025/01/04/elon-musk-pushes-for-britains-king-charles-to-dissolve-parliament-as-lawmakers-say-tesla-ceo-is-misinformed/,BothZookeepergame612,0.91,,0,worldnews,Forbes Elon Musk Pushes For Britains King Charles To Dissolve ParliamentAs Lawmakers Say Tesla CEO Is Misinformed 
"North Korean troops so 'poorly trained' that Putin army yet to throw them into battle, say western officials",30869,1997,2024-12-05 20:46:42,,https://www.standard.co.uk/news/politics/north-korean-troops-russia-ukraine-vladimir-putin-war-b1198384.html,Yveliad,0.92,Russia/Ukraine,0,worldnews,North Korean troops so poorly trained that Putin army yet to throw them into battle say western officials 
"Anyone Who Supports Terrorist Organisations Should Be Deported, Swedish Migration Minister Says",30633,2809,2024-11-02 01:39:48,,https://schengen.news/anyone-who-supports-terrorist-organisations-should-be-deported-swedish-migration-minister-says/,Silly-avocatoe,0.91,,0,worldnews,Anyone Who Supports Terrorist Organisations Should Be Deported Swedish Migration Minister Says 
Elon Musk joined Trump call with Ukraine’s Zelensky after US election,30441,5068,2024-11-08 19:51:59,,https://www.cnn.com/2024/11/08/europe/ukraine-trump-elon-musk-zelensky-intl-latam?cid=ios_app,[deleted],0.88,Russia/Ukraine,0,worldnews,Elon Musk joined Trump call with Ukraines Zelensky after US election 
Ukrainian F-16 pilot sets historical record by shooting down six cruise missiles in one sortie,30153,898,2025-01-07 12:04:05,,https://en.interfax.com.ua/news/general/1039108.html,HydrolicKrane,0.94,Russia/Ukraine,0,worldnews,Ukrainian F pilot sets historical record by shooting down six cruise missiles in one sortie 
BBC News - US Treasury says it was hacked by China,29891,1822,2024-12-30 22:14:19,,https://www.bbc.com/news/articles/c3weye2j0e7o,-DEUS-FAX-MACHINA-,0.95,,0,worldnews,BBC News  US Treasury says it was hacked by China 
Russian military plane worth $4.5m explodes at airfield near Moscow: Kyiv,29877,839,2024-12-20 13:13:16,,https://www.newsweek.com/russian-military-plane-explodes-airfield-moscow-kyiv-2004075,indig0sixalpha,0.94,Russia/Ukraine,0,worldnews,Russian military plane worth m explodes at airfield near Moscow Kyiv 
"Russia says Ukraine attacked it using U.S. long-range missiles, signals it's ready for nuclear response",29829,5183,2024-11-19 16:43:06,,https://www.cnbc.com/2024/11/19/russia-says-ukraine-attacked-it-using-us-made-missiles.html,Chicamaw,0.9,Russia/Ukraine,0,worldnews,Russia says Ukraine attacked it using US longrange missiles signals its ready for nuclear response 
"Russia Tests Cutting Off Access to Global Web, and VPNs Can't Get Around It",29780,2168,2024-12-11 10:59:00,,https://www.pcmag.com/news/russia-tests-cutting-off-access-to-global-web-and-vpns-cant-get-around,Street_Anon,0.95,Russia/Ukraine,0,worldnews,Russia Tests Cutting Off Access to Global Web and VPNs Cant Get Around It 
Berlin police advise LGBTQ and Jews to avoid Arab-majority areas,29749,4185,2024-11-19 04:44:21,,https://www.ynetnews.com/article/h1atr7kgke,Red_Franklin,0.81,,0,worldnews,Berlin police advise LGBTQ and Jews to avoid Arabmajority areas 
Berlin accuses Elon Musk of seeking to influence Germany's election,29558,1253,2024-12-30 13:42:11,,https://www.axios.com/2024/12/30/germany-election-elon-musk-afd-endorsement,Unusual-State1827,0.94,,0,worldnews,Berlin accuses Elon Musk of seeking to influence Germanys election 
Elon Musk pens German newspaper opinion piece supporting far-right AfD party. Billionaire Trump adviser said his ‘significant investments’ in the country justified his wading into German politics,29378,2030,2024-12-28 16:55:22,,https://www.theguardian.com/world/2024/dec/28/elon-musk-germany-afd-party,indig0sixalpha,0.92,,0,worldnews,Elon Musk pens German newspaper opinion piece supporting farright AfD party Billionaire Trump adviser said his significant investments in the country justified his wading into German politics 
Putin slashes soldiers' payouts as Russia's losses in Ukraine skyrocket,28980,1469,2024-11-14 15:50:00,,https://www.newsweek.com/russia-ukraine-war-troops-losses-1985722,NaiE007,0.94,Russia/Ukraine,0,worldnews,Putin slashes soldiers payouts as Russias losses in Ukraine skyrocket 
"Biden approves antipersonnel mines for Ukraine, undoing his own policy ",28808,1670,2024-11-20 00:43:54,,https://www.washingtonpost.com/national-security/2024/11/19/biden-landmines-ukraine-russia/?utm_campaign=wp_main&amp;utm_medium=social&amp;utm_source=reddit.com,washingtonpost,0.93,Behind Soft Paywall,0,worldnews,Biden approves antipersonnel mines for Ukraine undoing his own policy  
Russians ‘burning faces’ of dead North Koreans to keep them secret: Zelenskyy,28741,1268,2024-12-17 17:54:06,,https://www.rfa.org/english/korea/2024/12/17/north-korean-soldier-video-russia-12172024/,giuliomagnifico,0.91,Russia/Ukraine,0,worldnews,Russians burning faces of dead North Koreans to keep them secret Zelenskyy 
Egypt declared malaria-free after 100-year effort,28482,330,2024-10-20 20:39:37,,https://www.bbc.com/news/articles/cm2yl8pjgn2o,giuliomagnifico,0.97,,0,worldnews,Egypt declared malariafree after year effort 
‘Shoot All the Locals’ – Russian Officer Orders Civilian Executions in Luhansk Region,28228,943,2025-01-01 16:13:43,,https://www.kyivpost.com/post/44762,Yveliad,0.94,Russia/Ukraine,0,worldnews,Shoot All the Locals  Russian Officer Orders Civilian Executions in Luhansk Region 
Ballet star Vladimir Shklyarov who criticised Putin’s Ukraine invasion dies in fall from building in St. Petersburg,28217,1177,2024-11-18 13:37:14,,https://www.lbc.co.uk/news/vladimir-shklyarov-death-st-petersburg-ballet-star-fall/,blllrrrrr,0.95,Russia/Ukraine,0,worldnews,Ballet star Vladimir Shklyarov who criticised Putins Ukraine invasion dies in fall from building in St Petersburg 
Putin's generals are turning on each other,28177,788,2024-11-01 17:14:51,,https://www.newsweek.com/russia-putin-general-arrest-1977233,TylerFortier_Photo,0.86,,0,worldnews,Putins generals are turning on each other 
Lukashenko warns of war if Russia attempts to annex Belarus,27446,1751,2024-10-25 10:26:54,,https://newsukraine.rbc.ua/news/lukashenko-warns-of-war-if-russia-attempts-1729846029.html,BringbackDreamBars,0.94,,0,worldnews,Lukashenko warns of war if Russia attempts to annex Belarus 
French government toppled in historic no-confidence vote,27428,2003,2024-12-04 19:31:46,,https://www.lemonde.fr/en/france/article/2024/12/04/french-government-toppled-in-historic-no-confidence-vote_6735189_7.html,Lanathell,0.96,,0,worldnews,French government toppled in historic noconfidence vote 
Kyiv reveals total Ukraine casualties in Putin’s war for first time,27222,2459,2024-12-08 14:41:55,,https://www.politico.eu/article/ukraine-volodymyr-zelenskyy-announces-its-total-military-casualties-first-time/,eaglemaxie,0.92,Russia/Ukraine,0,worldnews,Kyiv reveals total Ukraine casualties in Putins war for first time 
Zelenskiy blasts allies for 'zero' response to North Korean deployment,27018,1852,2024-10-31 19:32:55,,https://www.reuters.com/world/europe/ukraines-zelenskiy-blasts-allies-zero-response-nkorean-deployment-2024-10-31/,VictorEmmanuelIV,0.92,North Korea,0,worldnews,Zelenskiy blasts allies for zero response to North Korean deployment 
"Javier Milei ends budget deficit in Argentina, first time in 123 years",26944,3821,2024-12-13 09:45:16,,https://gazettengr.com/javier-milei-ends-budget-deficit-in-argentina-first-time-in-123-years/,BlitzOrion,0.81,,0,worldnews,Javier Milei ends budget deficit in Argentina first time in  years 
"Russia’s use of unidentified gas surges on the front line, Ukraine lacks detectors",26785,1258,2024-11-04 00:47:41,,https://kyivindependent.com/russias-use-of-unidentified-gas-surges-on-the-front-line-ukraine-lacks-detectors/,BothZookeepergame612,0.95,Russia/Ukraine,0,worldnews,Russias use of unidentified gas surges on the front line Ukraine lacks detectors 
Russia Arrests Top General as Military Purge Ramps Up,26680,808,2024-11-05 10:46:40,,https://www.newsweek.com/russia-arrests-general-military-purge-putin-war-mirza-mirzaev-1979651,blllrrrrr,0.95,Russia/Ukraine,0,worldnews,Russia Arrests Top General as Military Purge Ramps Up 
Iranian student strips in protest against assault by hijab enforcers.,26576,1280,2024-11-02 17:09:57,,https://www.iranintl.com/en/202411025012,DibaWho,0.94,,0,worldnews,Iranian student strips in protest against assault by hijab enforcers 
